<?xml version="1.0" encoding="UTF-8" standalone="no" ?>
<COLLADA xmlns="http://www.collada.org/2005/11/COLLADASchema" version="1.4.1">
    <asset>
        <contributor>
            <authoring_tool>SketchUp 18.0.0</authoring_tool>
        </contributor>
        <created>2020-01-15T12:09:52Z</created>
        <modified>2020-01-15T12:09:52Z</modified>
        <unit meter="0.0254" name="inch" />
        <up_axis>Z_UP</up_axis>
    </asset>
    <library_cameras>
        <camera id="ID1" name="skp_camera_Last_Saved_SketchUp_View">
            <optics>
                <technique_common>
                    <orthographic>
                        <xmag>1</xmag>
                        <aspect_ratio>0</aspect_ratio>
                        <znear>1</znear>
                        <zfar>1000</zfar>
                    </orthographic>
                </technique_common>
            </optics>
        </camera>
    </library_cameras>
    <library_visual_scenes>
        <visual_scene id="ID2">
            <node name="SketchUp">
                <instance_geometry url="#ID222">
                    <bind_material>
                        <technique_common>
                            <instance_material symbol="Material2" target="#ID224">
                                <bind_vertex_input semantic="UVSET0" input_semantic="TEXCOORD" input_set="0" />
                            </instance_material>
                            <instance_material symbol="Material3" target="#ID229">
                                <bind_vertex_input semantic="UVSET0" input_semantic="TEXCOORD" input_set="0" />
                            </instance_material>
                            <instance_material symbol="Material4" target="#ID235">
                                <bind_vertex_input semantic="UVSET0" input_semantic="TEXCOORD" input_set="0" />
                            </instance_material>
                        </technique_common>
                    </bind_material>
                </instance_geometry>
                <instance_geometry url="#ID241">
                    <bind_material>
                        <technique_common>
                            <instance_material symbol="Material2" target="#ID224">
                                <bind_vertex_input semantic="UVSET0" input_semantic="TEXCOORD" input_set="0" />
                            </instance_material>
                            <instance_material symbol="Material3" target="#ID246">
                                <bind_vertex_input semantic="UVSET0" input_semantic="TEXCOORD" input_set="0" />
                            </instance_material>
                            <instance_material symbol="Material4" target="#ID235">
                                <bind_vertex_input semantic="UVSET0" input_semantic="TEXCOORD" input_set="0" />
                            </instance_material>
                        </technique_common>
                    </bind_material>
                </instance_geometry>
                <instance_geometry url="#ID256">
                    <bind_material>
                        <technique_common>
                            <instance_material symbol="Material2" target="#ID224">
                                <bind_vertex_input semantic="UVSET0" input_semantic="TEXCOORD" input_set="0" />
                            </instance_material>
                            <instance_material symbol="Material3" target="#ID261">
                                <bind_vertex_input semantic="UVSET0" input_semantic="TEXCOORD" input_set="0" />
                            </instance_material>
                            <instance_material symbol="Material4" target="#ID235">
                                <bind_vertex_input semantic="UVSET0" input_semantic="TEXCOORD" input_set="0" />
                            </instance_material>
                        </technique_common>
                    </bind_material>
                </instance_geometry>
                <instance_geometry url="#ID266">
                    <bind_material>
                        <technique_common>
                            <instance_material symbol="Material2" target="#ID224">
                                <bind_vertex_input semantic="UVSET0" input_semantic="TEXCOORD" input_set="0" />
                            </instance_material>
                            <instance_material symbol="Material3" target="#ID271">
                                <bind_vertex_input semantic="UVSET0" input_semantic="TEXCOORD" input_set="0" />
                            </instance_material>
                            <instance_material symbol="Material4" target="#ID235">
                                <bind_vertex_input semantic="UVSET0" input_semantic="TEXCOORD" input_set="0" />
                            </instance_material>
                        </technique_common>
                    </bind_material>
                </instance_geometry>
                <instance_geometry url="#ID281">
                    <bind_material>
                        <technique_common>
                            <instance_material symbol="Material2" target="#ID224">
                                <bind_vertex_input semantic="UVSET0" input_semantic="TEXCOORD" input_set="0" />
                            </instance_material>
                            <instance_material symbol="Material3" target="#ID286">
                                <bind_vertex_input semantic="UVSET0" input_semantic="TEXCOORD" input_set="0" />
                            </instance_material>
                            <instance_material symbol="Material4" target="#ID235">
                                <bind_vertex_input semantic="UVSET0" input_semantic="TEXCOORD" input_set="0" />
                            </instance_material>
                        </technique_common>
                    </bind_material>
                </instance_geometry>
                <node name="skp_camera_Last_Saved_SketchUp_View">
                    <matrix>0.7584946 -0.2273402 0.6107393 67096.66 0.6516794 0.2646029 -0.710844 -78054.57 5.551115e-17 0.9371775 0.3488528 38331.16 0 0 0 1</matrix>
                    <instance_camera url="#ID1" />
                </node>
                <node id="ID3" name="CAPRIATA">
                    <matrix>1 0 0 49.40945 0 1 0 12.51969 0 0 1 4.547474e-13 0 0 0 1</matrix>
                    <instance_node url="#ID4" />
                </node>
            </node>
        </visual_scene>
    </library_visual_scenes>
    <library_nodes>
        <node id="ID4" name="skp983C">
            <node id="ID5" name="leg_dx">
                <matrix>-1 0 0 20.47244 0 1 7.657137e-16 -12.51969 0 -7.657137e-16 1 0 0 0 0 1</matrix>
                <node id="ID6" name="group_0">
                    <matrix>1 0 0 1.574805 0 1 0 11.73226 0 0 1 6.299213 0 0 0 1</matrix>
                    <instance_geometry url="#ID7">
                        <bind_material>
                            <technique_common>
                                <instance_material symbol="Material2" target="#ID8">
                                    <bind_vertex_input semantic="UVSET0" input_semantic="TEXCOORD" input_set="0" />
                                </instance_material>
                                <instance_material symbol="Material3" target="#ID18">
                                    <bind_vertex_input semantic="UVSET0" input_semantic="TEXCOORD" input_set="0" />
                                </instance_material>
                            </technique_common>
                        </bind_material>
                    </instance_geometry>
                </node>
                <node id="ID24" name="group_1">
                    <matrix>1 0 0 0.7874039 0 1 0 1.574803 0 0 1 6.299213 0 0 0 1</matrix>
                    <instance_geometry url="#ID25">
                        <bind_material>
                            <technique_common>
                                <instance_material symbol="Material2" target="#ID8">
                                    <bind_vertex_input semantic="UVSET0" input_semantic="TEXCOORD" input_set="0" />
                                </instance_material>
                                <instance_material symbol="Material3" target="#ID18">
                                    <bind_vertex_input semantic="UVSET0" input_semantic="TEXCOORD" input_set="0" />
                                </instance_material>
                            </technique_common>
                        </bind_material>
                    </instance_geometry>
                </node>
                <node id="ID35" name="group_2">
                    <matrix>1 0 0 0 0 1 0 0 0 0 1 0 0 0 0 1</matrix>
                    <instance_geometry url="#ID36">
                        <bind_material>
                            <technique_common>
                                <instance_material symbol="Material2" target="#ID8">
                                    <bind_vertex_input semantic="UVSET0" input_semantic="TEXCOORD" input_set="0" />
                                </instance_material>
                                <instance_material symbol="Material3" target="#ID18">
                                    <bind_vertex_input semantic="UVSET0" input_semantic="TEXCOORD" input_set="0" />
                                </instance_material>
                            </technique_common>
                        </bind_material>
                    </instance_geometry>
                    <instance_geometry url="#ID46">
                        <bind_material>
                            <technique_common>
                                <instance_material symbol="Material2" target="#ID8">
                                    <bind_vertex_input semantic="UVSET0" input_semantic="TEXCOORD" input_set="0" />
                                </instance_material>
                                <instance_material symbol="Material3" target="#ID18">
                                    <bind_vertex_input semantic="UVSET0" input_semantic="TEXCOORD" input_set="0" />
                                </instance_material>
                            </technique_common>
                        </bind_material>
                    </instance_geometry>
                    <instance_geometry url="#ID56">
                        <bind_material>
                            <technique_common>
                                <instance_material symbol="Material2" target="#ID18">
                                    <bind_vertex_input semantic="UVSET0" input_semantic="TEXCOORD" input_set="0" />
                                </instance_material>
                            </technique_common>
                        </bind_material>
                    </instance_geometry>
                    <instance_geometry url="#ID60">
                        <bind_material>
                            <technique_common>
                                <instance_material symbol="Material2" target="#ID18">
                                    <bind_vertex_input semantic="UVSET0" input_semantic="TEXCOORD" input_set="0" />
                                </instance_material>
                            </technique_common>
                        </bind_material>
                    </instance_geometry>
                </node>
            </node>
            <node id="ID64" name="leg_sx">
                <matrix>1 0 0 -40.15748 0 1 0 -12.51969 0 0 1 0 0 0 0 1</matrix>
                <node id="ID65" name="group_3">
                    <matrix>1 0 0 1.574798 0 1 0 11.73226 0 0 1 6.299213 0 0 0 1</matrix>
                    <instance_geometry url="#ID66">
                        <bind_material>
                            <technique_common>
                                <instance_material symbol="Material2" target="#ID8">
                                    <bind_vertex_input semantic="UVSET0" input_semantic="TEXCOORD" input_set="0" />
                                </instance_material>
                                <instance_material symbol="Material3" target="#ID18">
                                    <bind_vertex_input semantic="UVSET0" input_semantic="TEXCOORD" input_set="0" />
                                </instance_material>
                            </technique_common>
                        </bind_material>
                    </instance_geometry>
                </node>
                <node id="ID76" name="group_4">
                    <matrix>1 0 0 0.7874006 0 1 0 1.574803 0 0 1 6.299213 0 0 0 1</matrix>
                    <instance_geometry url="#ID77">
                        <bind_material>
                            <technique_common>
                                <instance_material symbol="Material2" target="#ID8">
                                    <bind_vertex_input semantic="UVSET0" input_semantic="TEXCOORD" input_set="0" />
                                </instance_material>
                                <instance_material symbol="Material3" target="#ID18">
                                    <bind_vertex_input semantic="UVSET0" input_semantic="TEXCOORD" input_set="0" />
                                </instance_material>
                            </technique_common>
                        </bind_material>
                    </instance_geometry>
                </node>
                <node id="ID87" name="group_5">
                    <matrix>1 0 0 0 0 1 0 0 0 0 1 0 0 0 0 1</matrix>
                    <instance_geometry url="#ID88">
                        <bind_material>
                            <technique_common>
                                <instance_material symbol="Material2" target="#ID8">
                                    <bind_vertex_input semantic="UVSET0" input_semantic="TEXCOORD" input_set="0" />
                                </instance_material>
                                <instance_material symbol="Material3" target="#ID18">
                                    <bind_vertex_input semantic="UVSET0" input_semantic="TEXCOORD" input_set="0" />
                                </instance_material>
                            </technique_common>
                        </bind_material>
                    </instance_geometry>
                    <instance_geometry url="#ID98">
                        <bind_material>
                            <technique_common>
                                <instance_material symbol="Material2" target="#ID8">
                                    <bind_vertex_input semantic="UVSET0" input_semantic="TEXCOORD" input_set="0" />
                                </instance_material>
                                <instance_material symbol="Material3" target="#ID18">
                                    <bind_vertex_input semantic="UVSET0" input_semantic="TEXCOORD" input_set="0" />
                                </instance_material>
                            </technique_common>
                        </bind_material>
                    </instance_geometry>
                    <instance_geometry url="#ID108">
                        <bind_material>
                            <technique_common>
                                <instance_material symbol="Material2" target="#ID18">
                                    <bind_vertex_input semantic="UVSET0" input_semantic="TEXCOORD" input_set="0" />
                                </instance_material>
                            </technique_common>
                        </bind_material>
                    </instance_geometry>
                </node>
            </node>
            <node id="ID112" name="side_sx">
                <matrix>0.8 0 -5.403526e-17 -49.40945 0 -1 0 -23.22835 1.649025e-16 0 0.9999999 26.77165 0 0 0 1</matrix>
                <instance_geometry url="#ID113">
                    <bind_material>
                        <technique_common>
                            <instance_material symbol="Material2" target="#ID8">
                                <bind_vertex_input semantic="UVSET0" input_semantic="TEXCOORD" input_set="0" />
                            </instance_material>
                            <instance_material symbol="Material3" target="#ID18">
                                <bind_vertex_input semantic="UVSET0" input_semantic="TEXCOORD" input_set="0" />
                            </instance_material>
                        </technique_common>
                    </bind_material>
                </instance_geometry>
            </node>
            <node id="ID123" name="tube">
                <matrix>0.7456631 0 0 -38.58268 0 1.000051 0 0 0 0 1.000052 6.377953 0 0 0 1</matrix>
                <instance_geometry url="#ID124">
                    <bind_material>
                        <technique_common>
                            <instance_material symbol="Material2" target="#ID125">
                                <bind_vertex_input semantic="UVSET0" input_semantic="TEXCOORD" input_set="0" />
                            </instance_material>
                            <instance_material symbol="Material3" target="#ID135">
                                <bind_vertex_input semantic="UVSET0" input_semantic="TEXCOORD" input_set="0" />
                            </instance_material>
                        </technique_common>
                    </bind_material>
                </instance_geometry>
            </node>
            <node id="ID141" name="top">
                <matrix>0.8 0 0 -49.40945 0 1 0 -12.51969 0 0 0.9999991 29.05512 0 0 0 1</matrix>
                <node id="ID142" name="group_6">
                    <matrix>1.25 0 0 3.155444e-30 0 1 0 -3.944305e-31 0 0 1.000001 0 0 0 0 1</matrix>
                    <instance_geometry url="#ID143">
                        <bind_material>
                            <technique_common>
                                <instance_material symbol="Material2" target="#ID8">
                                    <bind_vertex_input semantic="UVSET0" input_semantic="TEXCOORD" input_set="0" />
                                </instance_material>
                                <instance_material symbol="Material3" target="#ID18">
                                    <bind_vertex_input semantic="UVSET0" input_semantic="TEXCOORD" input_set="0" />
                                </instance_material>
                            </technique_common>
                        </bind_material>
                    </instance_geometry>
                </node>
            </node>
            <node id="ID153" name="side_dx">
                <matrix>0.8 0 0 -49.40945 0 1 0 12.51969 0 0 0.9999999 26.77165 0 0 0 1</matrix>
                <instance_geometry url="#ID154">
                    <bind_material>
                        <technique_common>
                            <instance_material symbol="Material2" target="#ID8">
                                <bind_vertex_input semantic="UVSET0" input_semantic="TEXCOORD" input_set="0" />
                            </instance_material>
                            <instance_material symbol="Material3" target="#ID18">
                                <bind_vertex_input semantic="UVSET0" input_semantic="TEXCOORD" input_set="0" />
                            </instance_material>
                        </technique_common>
                    </bind_material>
                </instance_geometry>
            </node>
            <node id="ID164" name="extension_250_sx">
                <matrix>1 0 -3.136363e-16 -49.40945 0 -1 0 -12.48031 3.136363e-16 0 1 29.92126 0 0 0 1</matrix>
                <node id="ID165" name="_1">
                    <matrix>0.8006421 0 -6.310887e-32 0 0 1.000002 0 0 -4.622232e-31 0 1.000001 -0.8661417 0 0 0 1</matrix>
                    <instance_geometry url="#ID166">
                        <bind_material>
                            <technique_common>
                                <instance_material symbol="Material2" target="#ID8">
                                    <bind_vertex_input semantic="UVSET0" input_semantic="TEXCOORD" input_set="0" />
                                </instance_material>
                                <instance_material symbol="Material3" target="#ID18">
                                    <bind_vertex_input semantic="UVSET0" input_semantic="TEXCOORD" input_set="0" />
                                </instance_material>
                            </technique_common>
                        </bind_material>
                    </instance_geometry>
                </node>
                <node id="ID176" name="_2">
                    <matrix>0.8006421 0 0 39.37008 0 1.000002 0 -2.840089e-14 7.70372e-32 0 1.000001 -0.8661417 0 0 0 1</matrix>
                    <instance_geometry url="#ID177">
                        <bind_material>
                            <technique_common>
                                <instance_material symbol="Material2" target="#ID8">
                                    <bind_vertex_input semantic="UVSET0" input_semantic="TEXCOORD" input_set="0" />
                                </instance_material>
                                <instance_material symbol="Material3" target="#ID18">
                                    <bind_vertex_input semantic="UVSET0" input_semantic="TEXCOORD" input_set="0" />
                                </instance_material>
                            </technique_common>
                        </bind_material>
                    </instance_geometry>
                </node>
            </node>
            <node id="ID187" name="extension_250_dx">
                <matrix>1 0 0 -49.40945 0 1 0 1.771654 0 0 1 29.92126 0 0 0 1</matrix>
                <node id="ID188" name="_1">
                    <matrix>0.8006421 0 0 0 0 1.000002 0 0 0 0 1.000001 -0.8661417 0 0 0 1</matrix>
                    <instance_geometry url="#ID189">
                        <bind_material>
                            <technique_common>
                                <instance_material symbol="Material2" target="#ID8">
                                    <bind_vertex_input semantic="UVSET0" input_semantic="TEXCOORD" input_set="0" />
                                </instance_material>
                                <instance_material symbol="Material3" target="#ID18">
                                    <bind_vertex_input semantic="UVSET0" input_semantic="TEXCOORD" input_set="0" />
                                </instance_material>
                            </technique_common>
                        </bind_material>
                    </instance_geometry>
                </node>
                <node id="ID199" name="_2">
                    <matrix>0.8006421 0 0 39.37008 0 1.000002 0 -2.842171e-14 0 0 1.000001 -0.8661417 0 0 0 1</matrix>
                    <instance_geometry url="#ID200">
                        <bind_material>
                            <technique_common>
                                <instance_material symbol="Material2" target="#ID8">
                                    <bind_vertex_input semantic="UVSET0" input_semantic="TEXCOORD" input_set="0" />
                                </instance_material>
                                <instance_material symbol="Material3" target="#ID18">
                                    <bind_vertex_input semantic="UVSET0" input_semantic="TEXCOORD" input_set="0" />
                                </instance_material>
                            </technique_common>
                        </bind_material>
                    </instance_geometry>
                </node>
            </node>
            <node id="ID210" name="und_top">
                <matrix>1.011236 0 0 -9.645669 0 1 0 0 0 0 1 0 0 0 0 1</matrix>
                <instance_node url="#ID211" />
            </node>
        </node>
        <node id="ID211" name="Obj_000051">
            <instance_geometry url="#ID212">
                <bind_material>
                    <technique_common>
                        <instance_material symbol="Material2" target="#ID8">
                            <bind_vertex_input semantic="UVSET0" input_semantic="TEXCOORD" input_set="0" />
                        </instance_material>
                        <instance_material symbol="Material3" target="#ID18">
                            <bind_vertex_input semantic="UVSET0" input_semantic="TEXCOORD" input_set="0" />
                        </instance_material>
                    </technique_common>
                </bind_material>
            </instance_geometry>
        </node>
    </library_nodes>
    <library_geometries>
        <geometry id="ID7">
            <mesh>
                <source id="ID13">
                    <float_array id="ID20" count="174">28.09455 0 20.47244 28.09455 1.574842 20.47244 0.9842518 0 0 0.9842518 1.574842 0 28.09455 1.574842 20.47244 0.9842518 0 0 0.9842518 1.574842 0 28.09455 0 20.47244 0.9842518 0 0 28.09455 0 20.47244 0.9842518 1.574842 0 28.09455 1.574842 20.47244 22.8681 0 20.47244 28.09455 0 20.47244 0 0 3.203507 1.421085e-14 0 3.149606 0.7874009 0 3.149606 0.7874009 0 0 0.9842518 0 0 28.09455 0 20.47244 0.7874009 0 0 0.9842518 0 0 0.7874009 0 3.149606 1.421085e-14 0 3.149606 0 0 3.203507 22.8681 0 20.47244 0.7874009 0 3.149606 1.421085e-14 0 3.149606 0.7874009 0 0 22.8681 0 20.47244 0 0 3.203507 22.8681 1.574842 20.47244 0 1.574842 3.203507 28.09455 1.574842 20.47244 0.7874009 1.574842 3.149606 0.9842518 1.574842 0 0.7874009 1.574842 0 1.421085e-14 1.574842 3.149606 0 1.574842 3.203507 0.7874009 1.574842 3.149606 1.421085e-14 1.574842 3.149606 0.9842518 1.574842 0 0.7874009 1.574842 0 28.09455 1.574842 20.47244 22.8681 1.574842 20.47244 0.7874009 1.574842 0 0.7874009 1.574842 3.149606 1.421085e-14 1.574842 3.149606 0 1.574842 3.203507 22.8681 1.574842 20.47244 22.8681 1.574842 20.47244 22.8681 0 20.47244 0 1.574842 3.203507 0 0 3.203507 22.8681 0 20.47244 0 1.574842 3.203507 0 0 3.203507 22.8681 1.574842 20.47244</float_array>
                    <technique_common>
                        <accessor count="58" source="#ID20" stride="3">
                            <param name="X" type="float" />
                            <param name="Y" type="float" />
                            <param name="Z" type="float" />
                        </accessor>
                    </technique_common>
                </source>
                <source id="ID14">
                    <float_array id="ID21" count="174">0.6026289 0 -0.7980215 0.6026289 0 -0.7980215 0.6026289 0 -0.7980215 0.6026289 0 -0.7980215 -0.6026289 -0 0.7980215 -0.6026289 -0 0.7980215 -0.6026289 -0 0.7980215 -0.6026289 -0 0.7980215 0 0 0 0 0 0 0 0 0 0 0 0 0 -1 0 0 -1 0 0 -1 0 0 -1 0 0 -1 0 0 -1 0 0 -1 0 -0 1 -0 -0 1 -0 -0 1 -0 -0 1 -0 -0 1 -0 -0 1 -0 -0 1 -0 0 0 0 0 0 0 0 0 0 0 0 0 0 0 0 0 1 0 0 1 0 0 1 0 0 1 0 0 1 0 0 1 0 0 1 0 -0 -1 -0 -0 -1 -0 -0 -1 -0 -0 -1 -0 -0 -1 -0 -0 -1 -0 -0 -1 -0 0 0 0 0 0 0 0 0 0 0 0 0 0 0 0 -0.6026289 0 0.7980215 -0.6026289 0 0.7980215 -0.6026289 0 0.7980215 -0.6026289 0 0.7980215 0.6026289 -0 -0.7980215 0.6026289 -0 -0.7980215 0.6026289 -0 -0.7980215 0.6026289 -0 -0.7980215</float_array>
                    <technique_common>
                        <accessor count="58" source="#ID21" stride="3">
                            <param name="X" type="float" />
                            <param name="Y" type="float" />
                            <param name="Z" type="float" />
                        </accessor>
                    </technique_common>
                </source>
                <source id="ID15">
                    <Name_array id="ID23" count="0" />
                    <technique_common>
                        <accessor count="0" source="#ID23" stride="1">
                            <param name="skp_material" type="Name" />
                        </accessor>
                    </technique_common>
                </source>
                <source id="ID17">
                    <float_array id="ID22" count="42">0 8.488812 0.3846249 8.488812 0 0.1918321 0.3846249 0.1918321 5.585095 5 6.861553 5 0 0.782395 3.470728e-15 0.7692307 0.1923075 0.7692307 0.1923075 0 0.2403846 0 -5.585095 5 -6.861553 5 -0.1923075 0.7692307 -0.2403846 0 -0.1923075 0 -3.470728e-15 0.7692307 -0.3846249 7.470171 0 7.470171 -0.3846249 0.4714939 0 0.4714939</float_array>
                    <technique_common>
                        <accessor count="21" source="#ID22" stride="2">
                            <param name="S" type="float" />
                            <param name="T" type="float" />
                        </accessor>
                    </technique_common>
                </source>
                <vertices id="ID16">
                    <input semantic="POSITION" source="#ID13" />
                    <input semantic="NORMAL" source="#ID14" />
                </vertices>
                <triangles count="28" material="Material2">
                    <input offset="0" semantic="VERTEX" source="#ID16" />
                    <input offset="1" semantic="TEXCOORD" source="#ID17" />
                    <p>0 0 1 1 2 2 3 3 2 2 1 1 4 1 5 2 6 3 5 2 4 1 7 0 12 4 13 5 14 6 14 6 13 5 15 7 15 7 13 5 16 8 16 8 13 5 17 9 18 10 17 9 13 5 19 5 20 9 21 10 20 9 19 5 22 8 22 8 19 5 23 7 23 7 19 5 24 6 24 6 19 5 25 4 31 11 32 6 33 12 32 6 34 13 33 12 33 12 34 13 35 14 36 15 35 14 34 13 37 16 34 13 32 6 38 6 39 13 40 16 39 13 41 14 42 15 41 14 39 13 43 12 43 12 39 13 38 6 43 12 38 6 44 11 50 17 51 18 52 19 53 20 52 19 51 18 54 18 55 19 56 20 55 19 54 18 57 17</p>
                </triangles>
                <lines count="18" material="Material3">
                    <input offset="0" semantic="VERTEX" source="#ID16" />
                    <p>8 9 10 8 11 10 11 9 26 27 28 26 8 28 9 29 29 30 30 27 45 46 46 47 47 48 48 49 49 11 10 45 48 30 29 49</p>
                </lines>
            </mesh>
        </geometry>
        <geometry id="ID25">
            <mesh>
                <source id="ID26">
                    <float_array id="ID31" count="216">0 21.88976 0 0 21.88976 3.149606 0 0 0 0 0 3.149606 0 21.88976 3.149606 0 0 0 0 0 3.149606 0 21.88976 0 0 21.88976 3.149606 0 21.88976 0 0 0 0 0 0 3.149606 1.574802 10.15746 0 1.574802 11.7323 0 1.574802 0 0 1.574802 21.88976 0 0 0 0 0 21.88976 0 1.771653 10.15746 0 1.771653 11.7323 0 1.771653 11.7323 0 1.574802 10.15746 0 1.574802 11.7323 0 1.771653 10.15746 0 1.574802 21.88976 0 0 0 0 0 21.88976 0 1.574802 0 0 1.574802 21.88976 0 1.574802 11.7323 0 1.771653 11.7323 0 1.771653 10.15746 0 1.574802 10.15746 0 1.574802 0 0 1.574802 11.7323 3.149606 0.7874009 11.7323 3.149606 1.574802 21.88976 3.149606 0.7874009 10.15746 3.149606 0 21.88976 3.149606 1.574802 10.15746 3.149606 1.574802 0 3.149606 0 0 3.149606 0 0 3.149606 0.7874009 10.15746 3.149606 0 21.88976 3.149606 1.574802 0 3.149606 1.574802 10.15746 3.149606 0.7874009 11.7323 3.149606 1.574802 21.88976 3.149606 1.574802 11.7323 3.149606 1.574802 0 3.149606 1.574802 10.15746 3.149606 0.7874009 10.15746 3.149606 0.7874009 11.7323 3.149606 1.574802 11.7323 3.149606 1.574802 21.88976 3.149606 1.574802 21.88976 3.149606 1.574802 21.88976 0 1.574802 11.7323 3.149606 1.574802 11.7323 0 1.574802 21.88976 0 1.574802 11.7323 3.149606 1.574802 11.7323 0 1.574802 21.88976 3.149606 1.574802 10.15746 3.149606 1.574802 10.15746 0 1.574802 0 3.149606 1.574802 0 0 1.574802 10.15746 0 1.574802 0 3.149606 1.574802 0 0 1.574802 10.15746 3.149606</float_array>
                    <technique_common>
                        <accessor count="72" source="#ID31" stride="3">
                            <param name="X" type="float" />
                            <param name="Y" type="float" />
                            <param name="Z" type="float" />
                        </accessor>
                    </technique_common>
                </source>
                <source id="ID27">
                    <float_array id="ID32" count="216">-1 0 0 -1 0 0 -1 0 0 -1 0 0 1 -0 -0 1 -0 -0 1 -0 -0 1 -0 -0 0 0 0 0 0 0 0 0 0 0 0 0 -0 0 -1 -0 0 -1 -0 0 -1 -0 0 -1 -0 0 -1 -0 0 -1 -0 0 -1 -0 0 -1 0 -0 1 0 -0 1 0 -0 1 0 -0 1 0 -0 1 0 -0 1 0 -0 1 0 -0 1 0 0 0 0 0 0 0 0 0 0 0 0 0 0 0 0 0 0 0 0 1 0 0 1 0 0 1 0 0 1 0 0 1 0 0 1 0 0 1 0 0 1 -0 -0 -1 -0 -0 -1 -0 -0 -1 -0 -0 -1 -0 -0 -1 -0 -0 -1 -0 -0 -1 -0 -0 -1 0 0 0 0 0 0 0 0 0 0 0 0 0 0 0 0 0 0 1 0 0 1 0 0 1 0 0 1 0 0 -1 -0 -0 -1 -0 -0 -1 -0 -0 -1 -0 -0 1 0 0 1 0 0 1 0 0 1 0 0 -1 -0 -0 -1 -0 -0 -1 -0 -0 -1 -0 -0</float_array>
                    <technique_common>
                        <accessor count="72" source="#ID32" stride="3">
                            <param name="X" type="float" />
                            <param name="Y" type="float" />
                            <param name="Z" type="float" />
                        </accessor>
                    </technique_common>
                </source>
                <source id="ID28">
                    <Name_array id="ID34" count="0" />
                    <technique_common>
                        <accessor count="0" source="#ID34" stride="1">
                            <param name="skp_material" type="Name" />
                        </accessor>
                    </technique_common>
                </source>
                <source id="ID30">
                    <float_array id="ID33" count="46">-5.346154 0 -5.346154 0.7692307 0 0 0 0.7692307 -0.384615 2.480764 -0.384615 2.865389 -0.384615 0 -0.384615 5.346154 0 5.346154 -0.4326921 2.480764 -0.4326921 2.865389 0.384615 2.865389 0.1923075 2.865389 0.384615 5.346154 0.1923075 2.480764 0.384615 2.480764 0.384615 0 5.346154 0.7692307 5.346154 0 2.865389 0.7692307 2.865389 0 2.480764 0.7692307 2.480764 0</float_array>
                    <technique_common>
                        <accessor count="23" source="#ID33" stride="2">
                            <param name="S" type="float" />
                            <param name="T" type="float" />
                        </accessor>
                    </technique_common>
                </source>
                <vertices id="ID29">
                    <input semantic="POSITION" source="#ID26" />
                    <input semantic="NORMAL" source="#ID27" />
                </vertices>
                <triangles count="36" material="Material2">
                    <input offset="0" semantic="VERTEX" source="#ID29" />
                    <input offset="1" semantic="TEXCOORD" source="#ID30" />
                    <p>0 0 1 1 2 2 3 3 2 2 1 1 4 1 5 2 6 3 5 2 4 1 7 0 12 4 13 5 14 6 13 5 15 7 14 6 14 6 15 7 16 2 17 8 16 2 15 7 18 9 19 10 12 4 13 5 12 4 19 10 20 10 21 4 22 5 21 4 20 10 23 9 24 7 25 2 26 8 25 2 24 7 27 6 27 6 24 7 22 5 27 6 22 5 21 4 34 11 35 12 36 13 37 14 38 8 35 12 36 13 35 12 38 8 39 15 40 16 37 14 40 16 41 2 37 14 38 8 37 14 41 2 42 2 43 14 44 8 43 14 42 2 45 16 43 14 45 16 46 15 44 8 47 12 48 13 47 12 44 8 43 14 48 13 47 12 49 11 56 17 57 18 58 19 59 20 58 19 57 18 60 18 61 19 62 20 61 19 60 18 63 17 64 21 65 22 66 3 67 2 66 3 65 22 68 22 69 3 70 2 69 3 68 22 71 21</p>
                </triangles>
                <lines count="22" material="Material3">
                    <input offset="0" semantic="VERTEX" source="#ID29" />
                    <p>8 9 10 9 10 11 8 11 28 29 30 29 30 31 31 32 33 32 33 10 9 28 11 50 51 50 51 52 52 53 54 53 54 55 55 8 54 29 28 55 50 33 32 51</p>
                </lines>
            </mesh>
        </geometry>
        <geometry id="ID36">
            <mesh>
                <source id="ID37">
                    <float_array id="ID42" count="204">3.149607 23.46457 26.77165 0.7874039 23.46457 9.448819 0 23.46457 26.77165 0.7874039 23.46457 6.299213 2.362206 23.46457 6.299213 0 23.46457 0 2.362206 23.46457 9.448819 3.149607 23.46457 0 3.149607 23.46457 0 2.362206 23.46457 6.299213 0 23.46457 0 3.149607 23.46457 26.77165 2.362206 23.46457 9.448819 0.7874039 23.46457 9.448819 0.7874039 23.46457 6.299213 0 23.46457 26.77165 3.149607 23.46457 0 0 23.46457 0 3.149607 23.46457 26.77165 0 23.46457 26.77165 2.362206 23.46457 6.299213 0.7874039 23.46457 6.299213 0.7874039 23.46457 9.448819 2.362206 23.46457 9.448819 3.149607 23.46457 0 3.149607 25.03937 0 0 23.46457 0 0 25.03937 0 3.149607 25.03937 0 0 23.46457 0 0 25.03937 0 3.149607 23.46457 0 0 25.03937 0 3.149607 25.03937 0 3.149607 25.03937 26.77165 3.149607 25.03937 0 3.149607 23.46457 26.77165 3.149607 23.46457 0 3.149607 25.03937 0 3.149607 23.46457 26.77165 3.149607 23.46457 0 3.149607 25.03937 26.77165 3.149607 25.03937 26.77165 3.149607 25.03937 26.77165 3.149607 23.46457 26.77165 0 25.03937 26.77165 0 23.46457 26.77165 3.149607 23.46457 26.77165 0 25.03937 26.77165 0 23.46457 26.77165 3.149607 25.03937 26.77165 0 25.03937 26.77165 0 25.03937 0 0 25.03937 26.77165 0 23.46457 0 0 23.46457 26.77165 0 25.03937 26.77165 0 23.46457 0 0 23.46457 26.77165 0 25.03937 0 3.149607 25.03937 26.77165 0 25.03937 26.77165 3.149607 25.03937 0 0 25.03937 0 0 25.03937 26.77165 3.149607 25.03937 0 0 25.03937 0 3.149607 25.03937 26.77165</float_array>
                    <technique_common>
                        <accessor count="68" source="#ID42" stride="3">
                            <param name="X" type="float" />
                            <param name="Y" type="float" />
                            <param name="Z" type="float" />
                        </accessor>
                    </technique_common>
                </source>
                <source id="ID38">
                    <float_array id="ID43" count="204">0 -1 0 0 -1 0 0 -1 0 0 -1 0 0 -1 0 0 -1 0 0 -1 0 0 -1 0 -0 1 -0 -0 1 -0 -0 1 -0 -0 1 -0 -0 1 -0 -0 1 -0 -0 1 -0 -0 1 -0 0 0 0 0 0 0 0 0 0 0 0 0 0 0 0 0 0 0 0 0 0 0 0 0 -0 0 -1 -0 0 -1 -0 0 -1 -0 0 -1 0 -0 1 0 -0 1 0 -0 1 0 -0 1 0 0 0 0 0 0 1 0 0 1 0 0 1 0 0 1 0 0 -1 -0 -0 -1 -0 -0 -1 -0 -0 -1 -0 -0 0 0 0 0 -7.657137e-16 1 0 -7.657137e-16 1 0 -7.657137e-16 1 0 -7.657137e-16 1 -0 7.657137e-16 -1 -0 7.657137e-16 -1 -0 7.657137e-16 -1 -0 7.657137e-16 -1 0 0 0 -1 0 0 -1 0 0 -1 0 0 -1 0 0 1 -0 -0 1 -0 -0 1 -0 -0 1 -0 -0 0 1 0 0 1 0 0 1 0 0 1 0 -0 -1 -0 -0 -1 -0 -0 -1 -0 -0 -1 -0</float_array>
                    <technique_common>
                        <accessor count="68" source="#ID43" stride="3">
                            <param name="X" type="float" />
                            <param name="Y" type="float" />
                            <param name="Z" type="float" />
                        </accessor>
                    </technique_common>
                </source>
                <source id="ID39">
                    <Name_array id="ID45" count="0" />
                    <technique_common>
                        <accessor count="0" source="#ID45" stride="1">
                            <param name="skp_material" type="Name" />
                        </accessor>
                    </technique_common>
                </source>
                <source id="ID41">
                    <float_array id="ID44" count="52">0.7692308 6.538462 0.1923083 2.307692 0 6.538462 0.1923083 1.538462 0.5769233 1.538462 0 0 0.5769233 2.307692 0.7692308 0 -0.7692308 5.730769 -0.7692308 6.115385 0 5.730769 0 6.115385 6.115385 6.538462 6.115385 0 5.730769 6.538462 5.730769 0 0.7692308 6.115385 0.7692308 5.730769 0 6.115385 0 5.730769 -6.115385 0 -6.115385 6.538462 -5.730769 0 -5.730769 6.538462 -0.7692308 6.538462 -0.7692308 0</float_array>
                    <technique_common>
                        <accessor count="26" source="#ID44" stride="2">
                            <param name="S" type="float" />
                            <param name="T" type="float" />
                        </accessor>
                    </technique_common>
                </source>
                <vertices id="ID40">
                    <input semantic="POSITION" source="#ID37" />
                    <input semantic="NORMAL" source="#ID38" />
                </vertices>
                <triangles count="36" material="Material2">
                    <input offset="0" semantic="VERTEX" source="#ID40" />
                    <input offset="1" semantic="TEXCOORD" source="#ID41" />
                    <p>0 0 1 1 2 2 1 1 3 3 2 2 4 4 5 5 3 3 2 2 3 3 5 5 1 1 0 0 6 6 6 6 0 0 4 4 0 0 7 7 4 4 5 5 4 4 7 7 8 7 9 4 10 5 9 4 8 7 11 0 9 4 11 0 12 6 12 6 11 0 13 1 10 5 14 3 15 2 14 3 10 5 9 4 15 2 14 3 13 1 15 2 13 1 11 0 24 8 25 9 26 10 27 11 26 10 25 9 28 9 29 10 30 11 29 10 28 9 31 8 34 12 35 13 36 14 37 15 36 14 35 13 38 13 39 14 40 15 39 14 38 13 41 12 43 16 44 17 45 18 46 19 45 18 44 17 47 17 48 18 49 19 48 18 47 17 50 16 52 20 53 21 54 22 55 23 54 22 53 21 56 21 57 22 58 23 57 22 56 21 59 20 60 24 61 2 62 25 63 5 62 25 61 2 64 2 65 25 66 5 65 25 64 2 67 24</p>
                </triangles>
                <lines count="16" material="Material3">
                    <input offset="0" semantic="VERTEX" source="#ID40" />
                    <p>16 17 18 16 18 19 17 19 20 21 21 22 22 23 23 20 32 17 33 32 16 33 42 33 42 18 19 51 51 42 51 32</p>
                </lines>
            </mesh>
        </geometry>
        <geometry id="ID46">
            <mesh>
                <source id="ID47">
                    <float_array id="ID52" count="204">0 1.574803 0 0 1.574803 26.77165 0 0 0 0 -1.972152e-30 26.77165 0 1.574803 26.77165 0 0 0 0 -1.972152e-30 26.77165 0 1.574803 0 0 1.574803 26.77165 0 1.574803 0 0 0 0 0 -1.972152e-30 26.77165 0 1.574803 26.77165 2.362206 1.574803 9.448819 3.149607 1.574803 26.77165 2.362206 1.574803 6.299213 0.7874039 1.574803 6.299213 3.149607 1.574803 0 0.7874039 1.574803 9.448819 0 1.574803 0 0 1.574803 0 0.7874039 1.574803 6.299213 3.149607 1.574803 0 0 1.574803 26.77165 0.7874039 1.574803 9.448819 2.362206 1.574803 9.448819 2.362206 1.574803 6.299213 3.149607 1.574803 26.77165 3.149607 1.574803 26.77165 3.149607 1.574803 0 0.7874039 1.574803 6.299213 2.362206 1.574803 6.299213 2.362206 1.574803 9.448819 0.7874039 1.574803 9.448819 3.149607 0 0 3.149607 1.574803 0 0 0 0 0 1.574803 0 3.149607 1.574803 0 0 0 0 0 1.574803 0 3.149607 0 0 3.149607 0 0 0 -1.972152e-30 26.77165 3.149607 -1.972152e-30 26.77165 0 0 0 3.149607 0 0 3.149607 -1.972152e-30 26.77165 0 0 0 3.149607 0 0 0 -1.972152e-30 26.77165 3.149607 -1.972152e-30 26.77165 3.149607 1.574803 26.77165 3.149607 -1.972152e-30 26.77165 0 1.574803 26.77165 0 -1.972152e-30 26.77165 3.149607 -1.972152e-30 26.77165 0 1.574803 26.77165 0 -1.972152e-30 26.77165 3.149607 1.574803 26.77165 3.149607 1.574803 0 3.149607 0 0 3.149607 1.574803 26.77165 3.149607 -1.972152e-30 26.77165 3.149607 0 0 3.149607 1.574803 26.77165 3.149607 -1.972152e-30 26.77165 3.149607 1.574803 0</float_array>
                    <technique_common>
                        <accessor count="68" source="#ID52" stride="3">
                            <param name="X" type="float" />
                            <param name="Y" type="float" />
                            <param name="Z" type="float" />
                        </accessor>
                    </technique_common>
                </source>
                <source id="ID48">
                    <float_array id="ID53" count="204">-1 0 0 -1 0 0 -1 0 0 -1 0 0 1 -0 -0 1 -0 -0 1 -0 -0 1 -0 -0 0 0 0 0 0 0 0 0 0 0 0 0 0 1 0 0 1 0 0 1 0 0 1 0 0 1 0 0 1 0 0 1 0 0 1 0 -0 -1 -0 -0 -1 -0 -0 -1 -0 -0 -1 -0 -0 -1 -0 -0 -1 -0 -0 -1 -0 -0 -1 -0 0 0 0 0 0 0 0 0 0 0 0 0 0 0 0 0 0 0 -0 0 -1 -0 0 -1 -0 0 -1 -0 0 -1 0 -0 1 0 -0 1 0 -0 1 0 -0 1 0 0 0 0 -1 0 0 -1 0 0 -1 0 0 -1 0 -0 1 -0 -0 1 -0 -0 1 -0 -0 1 -0 0 0 0 0 -7.657137e-16 1 0 -7.657137e-16 1 0 -7.657137e-16 1 0 -7.657137e-16 1 -0 7.657137e-16 -1 -0 7.657137e-16 -1 -0 7.657137e-16 -1 -0 7.657137e-16 -1 1 0 0 1 0 0 1 0 0 1 0 0 -1 -0 -0 -1 -0 -0 -1 -0 -0 -1 -0 -0</float_array>
                    <technique_common>
                        <accessor count="68" source="#ID53" stride="3">
                            <param name="X" type="float" />
                            <param name="Y" type="float" />
                            <param name="Z" type="float" />
                        </accessor>
                    </technique_common>
                </source>
                <source id="ID49">
                    <Name_array id="ID55" count="0" />
                    <technique_common>
                        <accessor count="0" source="#ID55" stride="1">
                            <param name="skp_material" type="Name" />
                        </accessor>
                    </technique_common>
                </source>
                <source id="ID51">
                    <float_array id="ID54" count="44">-0.3846154 0 -0.3846154 6.538462 0 0 4.816603e-31 6.538462 0 6.538462 -0.5769233 2.307692 -0.7692308 6.538462 -0.5769233 1.538462 -0.1923083 1.538462 -0.7692308 0 -0.1923083 2.307692 -0.7692308 0.3846154 0 0.3846154 0.7692308 6.538462 0.7692308 0 0.7692308 0.3846154 0.7692308 5.00659e-15 0 0.3846154 0 5.00659e-15 0.3846154 0 0.3846154 6.538462 -4.816603e-31 6.538462</float_array>
                    <technique_common>
                        <accessor count="22" source="#ID54" stride="2">
                            <param name="S" type="float" />
                            <param name="T" type="float" />
                        </accessor>
                    </technique_common>
                </source>
                <vertices id="ID50">
                    <input semantic="POSITION" source="#ID47" />
                    <input semantic="NORMAL" source="#ID48" />
                </vertices>
                <triangles count="36" material="Material2">
                    <input offset="0" semantic="VERTEX" source="#ID50" />
                    <input offset="1" semantic="TEXCOORD" source="#ID51" />
                    <p>0 0 1 1 2 2 3 3 2 2 1 1 4 1 5 2 6 3 5 2 4 1 7 0 12 4 13 5 14 6 13 5 15 7 14 6 16 8 17 9 15 7 14 6 15 7 17 9 13 5 12 4 18 10 18 10 12 4 16 8 12 4 19 2 16 8 17 9 16 8 19 2 20 2 21 8 22 9 21 8 20 2 23 4 21 8 23 4 24 10 24 10 23 4 25 5 22 9 26 7 27 6 26 7 22 9 21 8 27 6 26 7 25 5 27 6 25 5 23 4 34 9 35 11 36 2 37 12 36 2 35 11 38 11 39 2 40 12 39 2 38 11 41 9 43 4 44 13 45 2 46 14 45 2 44 13 47 13 48 2 49 14 48 2 47 13 50 4 52 15 53 16 54 17 55 18 54 17 53 16 56 16 57 17 58 18 57 17 56 16 59 15 60 19 61 2 62 20 63 21 62 20 61 2 64 2 65 20 66 21 65 20 64 2 67 19</p>
                </triangles>
                <lines count="16" material="Material3">
                    <input offset="0" semantic="VERTEX" source="#ID50" />
                    <p>8 9 10 9 11 10 8 11 8 28 28 29 9 29 30 31 31 32 32 33 33 30 10 42 42 29 51 11 42 51 28 51</p>
                </lines>
            </mesh>
        </geometry>
        <geometry id="ID56">
            <mesh>
                <source id="ID57">
                    <float_array id="ID59" count="12">0 25.03937 26.77165 0 25.03937 29.05512 0 -1.972152e-30 29.05512 0 -1.972152e-30 26.77165</float_array>
                    <technique_common>
                        <accessor count="4" source="#ID59" stride="3">
                            <param name="X" type="float" />
                            <param name="Y" type="float" />
                            <param name="Z" type="float" />
                        </accessor>
                    </technique_common>
                </source>
                <vertices id="ID58">
                    <input semantic="POSITION" source="#ID57" />
                </vertices>
                <lines count="3" material="Material2">
                    <input offset="0" semantic="VERTEX" source="#ID58" />
                    <p>1 0 2 1 2 3</p>
                </lines>
            </mesh>
        </geometry>
        <geometry id="ID60">
            <mesh>
                <source id="ID61">
                    <float_array id="ID63" count="6">0 1.574803 26.77165 0 23.46457 26.77165</float_array>
                    <technique_common>
                        <accessor count="2" source="#ID63" stride="3">
                            <param name="X" type="float" />
                            <param name="Y" type="float" />
                            <param name="Z" type="float" />
                        </accessor>
                    </technique_common>
                </source>
                <vertices id="ID62">
                    <input semantic="POSITION" source="#ID61" />
                </vertices>
                <lines count="1" material="Material2">
                    <input offset="0" semantic="VERTEX" source="#ID62" />
                    <p>1 0</p>
                </lines>
            </mesh>
        </geometry>
        <geometry id="ID66">
            <mesh>
                <source id="ID67">
                    <float_array id="ID72" count="174">28.09455 1.574842 20.47244 0.9842518 0 0 0.9842518 1.574842 0 28.09455 0 20.47244 28.09455 0 20.47244 28.09455 1.574842 20.47244 0.9842518 0 0 0.9842518 1.574842 0 0.9842518 0 0 28.09455 0 20.47244 0.9842518 1.574842 0 28.09455 1.574842 20.47244 28.09455 0 20.47244 0.7874009 0 0 0.9842518 0 0 0.7874009 0 3.149606 7.105427e-15 0 3.149606 0 0 3.203507 22.8681 0 20.47244 22.8681 0 20.47244 28.09455 0 20.47244 0 0 3.203507 7.105427e-15 0 3.149606 0.7874009 0 3.149606 0.7874009 0 0 0.9842518 0 0 0.7874009 0 3.149606 7.105427e-15 0 3.149606 0.7874009 0 0 22.8681 0 20.47244 0 0 3.203507 0 1.574842 3.203507 0.7874009 1.574842 3.149606 7.105427e-15 1.574842 3.149606 0.9842518 1.574842 0 0.7874009 1.574842 0 28.09455 1.574842 20.47244 22.8681 1.574842 20.47244 22.8681 1.574842 20.47244 0 1.574842 3.203507 28.09455 1.574842 20.47244 0.7874009 1.574842 3.149606 0.9842518 1.574842 0 0.7874009 1.574842 0 7.105427e-15 1.574842 3.149606 0.7874009 1.574842 0 0.7874009 1.574842 3.149606 7.105427e-15 1.574842 3.149606 0 1.574842 3.203507 22.8681 1.574842 20.47244 22.8681 0 20.47244 0 1.574842 3.203507 0 0 3.203507 22.8681 1.574842 20.47244 22.8681 1.574842 20.47244 22.8681 0 20.47244 0 1.574842 3.203507 0 0 3.203507</float_array>
                    <technique_common>
                        <accessor count="58" source="#ID72" stride="3">
                            <param name="X" type="float" />
                            <param name="Y" type="float" />
                            <param name="Z" type="float" />
                        </accessor>
                    </technique_common>
                </source>
                <source id="ID68">
                    <float_array id="ID73" count="174">0.6026289 0 -0.7980215 0.6026289 0 -0.7980215 0.6026289 0 -0.7980215 0.6026289 0 -0.7980215 -0.6026289 -0 0.7980215 -0.6026289 -0 0.7980215 -0.6026289 -0 0.7980215 -0.6026289 -0 0.7980215 0 0 0 0 0 0 0 0 0 0 0 0 0 -1 0 0 -1 0 0 -1 0 0 -1 0 0 -1 0 0 -1 0 0 -1 0 -0 1 -0 -0 1 -0 -0 1 -0 -0 1 -0 -0 1 -0 -0 1 -0 -0 1 -0 0 0 0 0 0 0 0 0 0 0 0 0 0 0 0 0 1 0 0 1 0 0 1 0 0 1 0 0 1 0 0 1 0 0 1 0 -0 -1 -0 -0 -1 -0 -0 -1 -0 -0 -1 -0 -0 -1 -0 -0 -1 -0 -0 -1 -0 0 0 0 0 0 0 0 0 0 0 0 0 0 0 0 -0.6026289 0 0.7980215 -0.6026289 0 0.7980215 -0.6026289 0 0.7980215 -0.6026289 0 0.7980215 0.6026289 -0 -0.7980215 0.6026289 -0 -0.7980215 0.6026289 -0 -0.7980215 0.6026289 -0 -0.7980215</float_array>
                    <technique_common>
                        <accessor count="58" source="#ID73" stride="3">
                            <param name="X" type="float" />
                            <param name="Y" type="float" />
                            <param name="Z" type="float" />
                        </accessor>
                    </technique_common>
                </source>
                <source id="ID69">
                    <Name_array id="ID75" count="0" />
                    <technique_common>
                        <accessor count="0" source="#ID75" stride="1">
                            <param name="skp_material" type="Name" />
                        </accessor>
                    </technique_common>
                </source>
                <source id="ID71">
                    <float_array id="ID74" count="42">0.3846249 8.488812 0 0.1918321 0.3846249 0.1918321 0 8.488812 6.861553 5 0.1923075 0 0.2403846 0 0.1923075 0.7692307 1.735364e-15 0.7692307 0 0.782395 5.585095 5 -0.1923075 0.7692307 -1.735364e-15 0.7692307 -0.2403846 0 -0.1923075 0 -6.861553 5 -5.585095 5 0 7.470171 -0.3846249 0.4714939 0 0.4714939 -0.3846249 7.470171</float_array>
                    <technique_common>
                        <accessor count="21" source="#ID74" stride="2">
                            <param name="S" type="float" />
                            <param name="T" type="float" />
                        </accessor>
                    </technique_common>
                </source>
                <vertices id="ID70">
                    <input semantic="POSITION" source="#ID67" />
                    <input semantic="NORMAL" source="#ID68" />
                </vertices>
                <triangles count="28" material="Material2">
                    <input offset="0" semantic="VERTEX" source="#ID70" />
                    <input offset="1" semantic="TEXCOORD" source="#ID71" />
                    <p>0 0 1 1 2 2 1 1 0 0 3 3 4 3 5 0 6 1 7 2 6 1 5 0 12 4 13 5 14 6 13 5 12 4 15 7 15 7 12 4 16 8 16 8 12 4 17 9 17 9 12 4 18 10 19 10 20 4 21 9 21 9 20 4 22 8 22 8 20 4 23 7 23 7 20 4 24 5 25 6 24 5 20 4 31 9 32 11 33 12 32 11 34 13 35 14 34 13 32 11 36 15 36 15 32 11 31 9 36 15 31 9 37 16 38 16 39 9 40 15 39 9 41 11 40 15 40 15 41 11 42 13 43 14 42 13 41 11 44 12 41 11 39 9 50 17 51 18 52 19 51 18 50 17 53 20 54 20 55 17 56 18 57 19 56 18 55 17</p>
                </triangles>
                <lines count="18" material="Material3">
                    <input offset="0" semantic="VERTEX" source="#ID70" />
                    <p>8 9 10 8 11 10 11 9 26 27 28 26 8 28 9 29 29 30 30 27 45 46 46 47 47 48 48 49 49 11 10 45 48 30 29 49</p>
                </lines>
            </mesh>
        </geometry>
        <geometry id="ID77">
            <mesh>
                <source id="ID78">
                    <float_array id="ID83" count="216">0 21.88976 3.149606 0 0 0 0 0 3.149606 0 21.88976 0 0 21.88976 0 0 21.88976 3.149606 0 0 0 0 0 3.149606 0 21.88976 3.149606 0 21.88976 0 0 0 0 0 0 3.149606 1.771653 11.7323 0 1.574802 10.15746 0 1.574802 11.7323 0 1.771653 10.15746 0 1.574802 21.88976 0 0 0 0 0 21.88976 0 1.574802 0 0 1.574802 10.15746 0 1.574802 11.7323 0 1.574802 0 0 1.574802 21.88976 0 0 0 0 0 21.88976 0 1.771653 10.15746 0 1.771653 11.7323 0 1.574802 21.88976 0 1.574802 11.7323 0 1.771653 11.7323 0 1.771653 10.15746 0 1.574802 10.15746 0 1.574802 0 0 0 0 3.149606 0.7874009 10.15746 3.149606 0 21.88976 3.149606 1.574802 0 3.149606 1.574802 10.15746 3.149606 0.7874009 11.7323 3.149606 1.574802 21.88976 3.149606 1.574802 11.7323 3.149606 1.574802 11.7323 3.149606 0.7874009 11.7323 3.149606 1.574802 21.88976 3.149606 0.7874009 10.15746 3.149606 0 21.88976 3.149606 1.574802 10.15746 3.149606 1.574802 0 3.149606 0 0 3.149606 1.574802 0 3.149606 1.574802 10.15746 3.149606 0.7874009 10.15746 3.149606 0.7874009 11.7323 3.149606 1.574802 11.7323 3.149606 1.574802 21.88976 3.149606 1.574802 21.88976 0 1.574802 11.7323 3.149606 1.574802 11.7323 0 1.574802 21.88976 3.149606 1.574802 21.88976 3.149606 1.574802 21.88976 0 1.574802 11.7323 3.149606 1.574802 11.7323 0 1.574802 10.15746 0 1.574802 0 3.149606 1.574802 0 0 1.574802 10.15746 3.149606 1.574802 10.15746 3.149606 1.574802 10.15746 0 1.574802 0 3.149606 1.574802 0 0</float_array>
                    <technique_common>
                        <accessor count="72" source="#ID83" stride="3">
                            <param name="X" type="float" />
                            <param name="Y" type="float" />
                            <param name="Z" type="float" />
                        </accessor>
                    </technique_common>
                </source>
                <source id="ID79">
                    <float_array id="ID84" count="216">-1 0 0 -1 0 0 -1 0 0 -1 0 0 1 -0 -0 1 -0 -0 1 -0 -0 1 -0 -0 0 0 0 0 0 0 0 0 0 0 0 0 0 0 -1 0 0 -1 0 0 -1 0 0 -1 0 0 -1 0 0 -1 0 0 -1 0 0 -1 -0 -0 1 -0 -0 1 -0 -0 1 -0 -0 1 -0 -0 1 -0 -0 1 -0 -0 1 -0 -0 1 0 0 0 0 0 0 0 0 0 0 0 0 0 0 0 0 0 0 0 0 1 0 0 1 0 0 1 0 0 1 0 0 1 0 0 1 0 0 1 0 0 1 -0 -0 -1 -0 -0 -1 -0 -0 -1 -0 -0 -1 -0 -0 -1 -0 -0 -1 -0 -0 -1 -0 -0 -1 0 0 0 0 0 0 0 0 0 0 0 0 0 0 0 0 0 0 1 0 0 1 0 0 1 0 0 1 0 0 -1 -0 -0 -1 -0 -0 -1 -0 -0 -1 -0 -0 1 0 0 1 0 0 1 0 0 1 0 0 -1 -0 -0 -1 -0 -0 -1 -0 -0 -1 -0 -0</float_array>
                    <technique_common>
                        <accessor count="72" source="#ID84" stride="3">
                            <param name="X" type="float" />
                            <param name="Y" type="float" />
                            <param name="Z" type="float" />
                        </accessor>
                    </technique_common>
                </source>
                <source id="ID80">
                    <Name_array id="ID86" count="0" />
                    <technique_common>
                        <accessor count="0" source="#ID86" stride="1">
                            <param name="skp_material" type="Name" />
                        </accessor>
                    </technique_common>
                </source>
                <source id="ID82">
                    <float_array id="ID85" count="46">-5.346154 0.7692307 0 0 0 0.7692307 -5.346154 0 -0.4326921 2.865389 -0.384615 2.480764 -0.384615 2.865389 -0.4326921 2.480764 -0.384615 5.346154 0 5.346154 -0.384615 0 0.1923075 2.480764 0.384615 0 0.384615 2.480764 0.1923075 2.865389 0.384615 5.346154 0.384615 2.865389 5.346154 0 2.865389 0.7692307 2.865389 0 5.346154 0.7692307 2.480764 0 2.480764 0.7692307</float_array>
                    <technique_common>
                        <accessor count="23" source="#ID85" stride="2">
                            <param name="S" type="float" />
                            <param name="T" type="float" />
                        </accessor>
                    </technique_common>
                </source>
                <vertices id="ID81">
                    <input semantic="POSITION" source="#ID78" />
                    <input semantic="NORMAL" source="#ID79" />
                </vertices>
                <triangles count="36" material="Material2">
                    <input offset="0" semantic="VERTEX" source="#ID81" />
                    <input offset="1" semantic="TEXCOORD" source="#ID82" />
                    <p>0 0 1 1 2 2 1 1 0 0 3 3 4 3 5 0 6 1 7 2 6 1 5 0 12 4 13 5 14 6 13 5 12 4 15 7 16 8 17 1 18 9 17 1 16 8 19 10 19 10 16 8 14 6 19 10 14 6 13 5 20 5 21 6 22 10 21 6 23 8 22 10 22 10 23 8 24 1 25 9 24 1 23 8 26 7 27 4 20 5 21 6 20 5 27 4 34 1 35 11 36 9 35 11 34 1 37 12 35 11 37 12 38 13 36 9 39 14 40 15 39 14 36 9 35 11 40 15 39 14 41 16 42 16 43 14 44 15 45 11 46 9 43 14 44 15 43 14 46 9 47 13 48 12 45 11 48 12 49 1 45 11 46 9 45 11 49 1 56 17 57 18 58 19 57 18 56 17 59 20 60 20 61 17 62 18 63 19 62 18 61 17 64 21 65 2 66 1 65 2 64 21 67 22 68 22 69 21 70 2 71 1 70 2 69 21</p>
                </triangles>
                <lines count="22" material="Material3">
                    <input offset="0" semantic="VERTEX" source="#ID81" />
                    <p>8 9 10 9 10 11 8 11 28 29 30 29 30 31 31 32 33 32 33 10 9 28 11 50 51 50 51 52 52 53 54 53 54 55 55 8 54 29 28 55 50 33 32 51</p>
                </lines>
            </mesh>
        </geometry>
        <geometry id="ID88">
            <mesh>
                <source id="ID89">
                    <float_array id="ID94" count="204">3.149607 23.46457 0 2.362206 23.46457 6.299213 0 23.46457 0 3.149607 23.46457 26.77165 2.362206 23.46457 9.448819 0.7874039 23.46457 9.448819 0.7874039 23.46457 6.299213 0 23.46457 26.77165 3.149607 23.46457 26.77165 0.7874039 23.46457 9.448819 0 23.46457 26.77165 0.7874039 23.46457 6.299213 2.362206 23.46457 6.299213 0 23.46457 0 2.362206 23.46457 9.448819 3.149607 23.46457 0 3.149607 23.46457 0 0 23.46457 0 3.149607 23.46457 26.77165 0 23.46457 26.77165 2.362206 23.46457 6.299213 0.7874039 23.46457 6.299213 0.7874039 23.46457 9.448819 2.362206 23.46457 9.448819 3.149607 25.03937 0 0 23.46457 0 0 25.03937 0 3.149607 23.46457 0 3.149607 23.46457 0 3.149607 25.03937 0 0 23.46457 0 0 25.03937 0 0 25.03937 0 3.149607 25.03937 0 3.149607 25.03937 0 3.149607 23.46457 26.77165 3.149607 23.46457 0 3.149607 25.03937 26.77165 3.149607 25.03937 26.77165 3.149607 25.03937 0 3.149607 23.46457 26.77165 3.149607 23.46457 0 3.149607 25.03937 26.77165 3.149607 23.46457 26.77165 0 25.03937 26.77165 0 23.46457 26.77165 3.149607 25.03937 26.77165 3.149607 25.03937 26.77165 3.149607 23.46457 26.77165 0 25.03937 26.77165 0 23.46457 26.77165 0 25.03937 26.77165 0 25.03937 26.77165 0 23.46457 0 0 23.46457 26.77165 0 25.03937 0 0 25.03937 0 0 25.03937 26.77165 0 23.46457 0 0 23.46457 26.77165 0 25.03937 26.77165 3.149607 25.03937 0 0 25.03937 0 3.149607 25.03937 26.77165 3.149607 25.03937 26.77165 0 25.03937 26.77165 3.149607 25.03937 0 0 25.03937 0</float_array>
                    <technique_common>
                        <accessor count="68" source="#ID94" stride="3">
                            <param name="X" type="float" />
                            <param name="Y" type="float" />
                            <param name="Z" type="float" />
                        </accessor>
                    </technique_common>
                </source>
                <source id="ID90">
                    <float_array id="ID95" count="204">0 -1 0 0 -1 0 0 -1 0 0 -1 0 0 -1 0 0 -1 0 0 -1 0 0 -1 0 -0 1 -0 -0 1 -0 -0 1 -0 -0 1 -0 -0 1 -0 -0 1 -0 -0 1 -0 -0 1 -0 0 0 0 0 0 0 0 0 0 0 0 0 0 0 0 0 0 0 0 0 0 0 0 0 0 0 -1 0 0 -1 0 0 -1 0 0 -1 -0 -0 1 -0 -0 1 -0 -0 1 -0 -0 1 0 0 0 0 0 0 1 0 0 1 0 0 1 0 0 1 0 0 -1 -0 -0 -1 -0 -0 -1 -0 -0 -1 -0 -0 0 0 0 0 0 1 0 0 1 0 0 1 0 0 1 -0 -0 -1 -0 -0 -1 -0 -0 -1 -0 -0 -1 0 0 0 -1 0 0 -1 0 0 -1 0 0 -1 0 0 1 -0 -0 1 -0 -0 1 -0 -0 1 -0 -0 0 1 0 0 1 0 0 1 0 0 1 0 -0 -1 -0 -0 -1 -0 -0 -1 -0 -0 -1 -0</float_array>
                    <technique_common>
                        <accessor count="68" source="#ID95" stride="3">
                            <param name="X" type="float" />
                            <param name="Y" type="float" />
                            <param name="Z" type="float" />
                        </accessor>
                    </technique_common>
                </source>
                <source id="ID91">
                    <Name_array id="ID97" count="0" />
                    <technique_common>
                        <accessor count="0" source="#ID97" stride="1">
                            <param name="skp_material" type="Name" />
                        </accessor>
                    </technique_common>
                </source>
                <source id="ID93">
                    <float_array id="ID96" count="48">0.7692308 0 0.5769233 1.538462 0 0 0.7692308 6.538462 0.5769233 2.307692 0.1923083 2.307692 0.1923083 1.538462 0 6.538462 -0.7692308 6.115385 0 5.730769 0 6.115385 -0.7692308 5.730769 6.115385 0 5.730769 6.538462 5.730769 0 6.115385 6.538462 0.7692308 5.730769 0.7692308 6.115385 -6.115385 6.538462 -5.730769 0 -5.730769 6.538462 -6.115385 0 -0.7692308 0 -0.7692308 6.538462</float_array>
                    <technique_common>
                        <accessor count="24" source="#ID96" stride="2">
                            <param name="S" type="float" />
                            <param name="T" type="float" />
                        </accessor>
                    </technique_common>
                </source>
                <vertices id="ID92">
                    <input semantic="POSITION" source="#ID89" />
                    <input semantic="NORMAL" source="#ID90" />
                </vertices>
                <triangles count="36" material="Material2">
                    <input offset="0" semantic="VERTEX" source="#ID92" />
                    <input offset="1" semantic="TEXCOORD" source="#ID93" />
                    <p>0 0 1 1 2 2 1 1 0 0 3 3 1 1 3 3 4 4 4 4 3 3 5 5 2 2 6 6 7 7 6 6 2 2 1 1 7 7 6 6 5 5 7 7 5 5 3 3 8 3 9 5 10 7 9 5 11 6 10 7 12 1 13 2 11 6 10 7 11 6 13 2 9 5 8 3 14 4 14 4 8 3 12 1 8 3 15 0 12 1 13 2 12 1 15 0 24 8 25 9 26 10 25 9 24 8 27 11 28 11 29 8 30 9 31 10 30 9 29 8 34 12 35 13 36 14 35 13 34 12 37 15 38 15 39 12 40 13 41 14 40 13 39 12 43 16 44 10 45 9 44 10 43 16 46 17 47 17 48 16 49 10 50 9 49 10 48 16 52 18 53 19 54 20 53 19 52 18 55 21 56 21 57 18 58 19 59 20 58 19 57 18 60 7 61 22 62 2 61 22 60 7 63 23 64 23 65 7 66 22 67 2 66 22 65 7</p>
                </triangles>
                <lines count="16" material="Material3">
                    <input offset="0" semantic="VERTEX" source="#ID92" />
                    <p>16 17 18 16 18 19 17 19 20 21 21 22 22 23 23 20 32 17 33 32 16 33 42 33 42 18 19 51 51 42 51 32</p>
                </lines>
            </mesh>
        </geometry>
        <geometry id="ID98">
            <mesh>
                <source id="ID99">
                    <float_array id="ID104" count="204">3.149607 1.574803 0 3.149607 0 26.77165 3.149607 0 0 3.149607 1.574803 26.77165 3.149607 1.574803 26.77165 3.149607 1.574803 0 3.149607 0 26.77165 3.149607 0 0 3.149607 0 0 3.149607 0 26.77165 3.149607 1.574803 0 3.149607 1.574803 26.77165 3.149607 0 26.77165 0 0 0 3.149607 0 0 0 0 26.77165 0 0 26.77165 3.149607 0 26.77165 0 0 0 3.149607 0 0 0 0 26.77165 0 0 0 3.149607 1.574803 0 0 0 0 0 1.574803 0 3.149607 0 0 3.149607 0 0 3.149607 1.574803 0 0 0 0 0 1.574803 0 0 1.574803 0 0 1.574803 0 0.7874039 1.574803 6.299213 3.149607 1.574803 0 0 1.574803 26.77165 0.7874039 1.574803 9.448819 2.362206 1.574803 9.448819 2.362206 1.574803 6.299213 3.149607 1.574803 26.77165 0 1.574803 26.77165 2.362206 1.574803 9.448819 3.149607 1.574803 26.77165 2.362206 1.574803 6.299213 0.7874039 1.574803 6.299213 3.149607 1.574803 0 0.7874039 1.574803 9.448819 0 1.574803 0 0 1.574803 26.77165 0.7874039 1.574803 6.299213 2.362206 1.574803 6.299213 2.362206 1.574803 9.448819 0.7874039 1.574803 9.448819 3.149607 0 26.77165 0 1.574803 26.77165 0 0 26.77165 3.149607 1.574803 26.77165 3.149607 1.574803 26.77165 3.149607 0 26.77165 0 1.574803 26.77165 0 0 26.77165 0 1.574803 26.77165 0 0 0 0 0 26.77165 0 1.574803 0 0 1.574803 0 0 1.574803 26.77165 0 0 0 0 0 26.77165</float_array>
                    <technique_common>
                        <accessor count="68" source="#ID104" stride="3">
                            <param name="X" type="float" />
                            <param name="Y" type="float" />
                            <param name="Z" type="float" />
                        </accessor>
                    </technique_common>
                </source>
                <source id="ID100">
                    <float_array id="ID105" count="204">1 0 0 1 0 0 1 0 0 1 0 0 -1 -0 -0 -1 -0 -0 -1 -0 -0 -1 -0 -0 0 0 0 0 0 0 0 0 0 0 0 0 0 -1 0 0 -1 0 0 -1 0 0 -1 0 -0 1 -0 -0 1 -0 -0 1 -0 -0 1 -0 0 0 0 0 0 0 0 0 -1 0 0 -1 0 0 -1 0 0 -1 -0 -0 1 -0 -0 1 -0 -0 1 -0 -0 1 0 0 0 0 1 0 0 1 0 0 1 0 0 1 0 0 1 0 0 1 0 0 1 0 0 1 0 -0 -1 -0 -0 -1 -0 -0 -1 -0 -0 -1 -0 -0 -1 -0 -0 -1 -0 -0 -1 -0 -0 -1 -0 0 0 0 0 0 0 0 0 0 0 0 0 0 0 0 0 0 1 0 0 1 0 0 1 0 0 1 -0 -0 -1 -0 -0 -1 -0 -0 -1 -0 -0 -1 -1 0 0 -1 0 0 -1 0 0 -1 0 0 1 -0 -0 1 -0 -0 1 -0 -0 1 -0 -0</float_array>
                    <technique_common>
                        <accessor count="68" source="#ID105" stride="3">
                            <param name="X" type="float" />
                            <param name="Y" type="float" />
                            <param name="Z" type="float" />
                        </accessor>
                    </technique_common>
                </source>
                <source id="ID101">
                    <Name_array id="ID107" count="0" />
                    <technique_common>
                        <accessor count="0" source="#ID107" stride="1">
                            <param name="skp_material" type="Name" />
                        </accessor>
                    </technique_common>
                </source>
                <source id="ID103">
                    <float_array id="ID106" count="34">0.3846154 0 0 6.538462 0 0 0.3846154 6.538462 0.7692308 6.538462 0.7692308 0 -0.7692308 0.3846154 0 0.3846154 -0.7692308 0 -0.1923083 1.538462 -0.1923083 2.307692 -0.5769233 2.307692 -0.5769233 1.538462 -0.7692308 6.538462 0.7692308 0.3846154 -0.3846154 6.538462 -0.3846154 0</float_array>
                    <technique_common>
                        <accessor count="17" source="#ID106" stride="2">
                            <param name="S" type="float" />
                            <param name="T" type="float" />
                        </accessor>
                    </technique_common>
                </source>
                <vertices id="ID102">
                    <input semantic="POSITION" source="#ID99" />
                    <input semantic="NORMAL" source="#ID100" />
                </vertices>
                <triangles count="36" material="Material2">
                    <input offset="0" semantic="VERTEX" source="#ID102" />
                    <input offset="1" semantic="TEXCOORD" source="#ID103" />
                    <p>0 0 1 1 2 2 1 1 0 0 3 3 4 3 5 0 6 1 7 2 6 1 5 0 12 4 13 2 14 5 13 2 12 4 15 1 16 1 17 4 18 2 19 5 18 2 17 4 22 6 23 2 24 7 23 2 22 6 25 8 26 8 27 6 28 2 29 7 28 2 27 6 31 2 32 9 33 8 32 9 31 2 34 1 32 9 34 1 35 10 35 10 34 1 36 11 33 8 37 12 38 13 37 12 33 8 32 9 38 13 37 12 36 11 38 13 36 11 34 1 39 1 40 11 41 13 40 11 42 12 41 13 43 9 44 8 42 12 41 13 42 12 44 8 40 11 39 1 45 10 45 10 39 1 43 9 39 1 46 2 43 9 44 8 43 9 46 2 52 5 53 7 54 2 53 7 52 5 55 14 56 14 57 5 58 7 59 2 58 7 57 5 60 15 61 2 62 1 61 2 60 15 63 16 64 16 65 15 66 2 67 1 66 2 65 15</p>
                </triangles>
                <lines count="16" material="Material3">
                    <input offset="0" semantic="VERTEX" source="#ID102" />
                    <p>8 9 8 10 11 10 11 9 9 20 20 21 21 8 21 30 30 10 47 30 47 11 48 49 49 50 50 51 51 48 47 20</p>
                </lines>
            </mesh>
        </geometry>
        <geometry id="ID108">
            <mesh>
                <source id="ID109">
                    <float_array id="ID111" count="6">0 0 26.77165 0 0 29.05512</float_array>
                    <technique_common>
                        <accessor count="2" source="#ID111" stride="3">
                            <param name="X" type="float" />
                            <param name="Y" type="float" />
                            <param name="Z" type="float" />
                        </accessor>
                    </technique_common>
                </source>
                <vertices id="ID110">
                    <input semantic="POSITION" source="#ID109" />
                </vertices>
                <lines count="1" material="Material2">
                    <input offset="0" semantic="VERTEX" source="#ID110" />
                    <p>1 0</p>
                </lines>
            </mesh>
        </geometry>
        <geometry id="ID113">
            <mesh>
                <source id="ID114">
                    <float_array id="ID119" count="168">98.4252 0.8661417 3.149607 98.4252 0.8661417 3.552714e-15 98.4252 -1.421085e-14 3.149607 98.4252 -1.421085e-14 3.552714e-15 98.4252 0.8661417 3.552714e-15 98.4252 -1.421085e-14 3.149607 98.4252 -1.421085e-14 3.552714e-15 98.4252 0.8661417 3.149607 98.4252 0.8661417 3.552714e-15 98.4252 0.8661417 3.149607 98.4252 -1.421085e-14 3.149607 98.4252 -1.421085e-14 3.552714e-15 -3.155444e-30 0.8661417 3.149607 0 0.8661417 1.421085e-14 98.4252 0.8661417 3.149607 98.4252 0.8661417 3.552714e-15 0 0.8661417 1.421085e-14 98.4252 0.8661417 3.149607 98.4252 0.8661417 3.552714e-15 -3.155444e-30 0.8661417 3.149607 -3.155444e-30 0.8661417 3.149607 0 0.8661417 1.421085e-14 98.4252 0.8661417 3.149607 98.4252 -1.421085e-14 3.149607 -3.155444e-30 0.8661417 3.149607 -3.155444e-30 0 3.149607 98.4252 -1.421085e-14 3.149607 -3.155444e-30 0.8661417 3.149607 -3.155444e-30 0 3.149607 98.4252 0.8661417 3.149607 -3.155444e-30 0 3.149607 -3.155444e-30 0 3.149607 98.4252 -1.421085e-14 3.149607 0 0 1.421085e-14 98.4252 -1.421085e-14 3.552714e-15 98.4252 -1.421085e-14 3.149607 0 0 1.421085e-14 98.4252 -1.421085e-14 3.552714e-15 -3.155444e-30 0 3.149607 0 0 1.421085e-14 98.4252 -1.421085e-14 3.552714e-15 98.4252 0.8661417 3.552714e-15 0 0 1.421085e-14 0 0.8661417 1.421085e-14 98.4252 0.8661417 3.552714e-15 0 0 1.421085e-14 0 0.8661417 1.421085e-14 98.4252 -1.421085e-14 3.552714e-15 0 0.8661417 1.421085e-14 -3.155444e-30 0.8661417 3.149607 0 0 1.421085e-14 -3.155444e-30 0 3.149607 -3.155444e-30 0.8661417 3.149607 0 0 1.421085e-14 -3.155444e-30 0 3.149607 0 0.8661417 1.421085e-14</float_array>
                    <technique_common>
                        <accessor count="56" source="#ID119" stride="3">
                            <param name="X" type="float" />
                            <param name="Y" type="float" />
                            <param name="Z" type="float" />
                        </accessor>
                    </technique_common>
                </source>
                <source id="ID115">
                    <float_array id="ID120" count="168">1 0 -7.657137e-16 1 0 -7.657137e-16 1 0 -7.657137e-16 1 0 -7.657137e-16 -1 -0 7.657137e-16 -1 -0 7.657137e-16 -1 -0 7.657137e-16 -1 -0 7.657137e-16 0 0 0 0 0 0 0 0 0 0 0 0 0 1 0 0 1 0 0 1 0 0 1 0 -0 -1 -0 -0 -1 -0 -0 -1 -0 -0 -1 -0 0 0 0 0 0 0 1.159935e-16 -4.603187e-31 1 1.159935e-16 -4.603187e-31 1 1.159935e-16 -4.603187e-31 1 1.159935e-16 -4.603187e-31 1 -1.159935e-16 4.603187e-31 -1 -1.159935e-16 4.603187e-31 -1 -1.159935e-16 4.603187e-31 -1 -1.159935e-16 4.603187e-31 -1 0 0 0 -1.443823e-16 -1 3.35304e-31 -1.443823e-16 -1 3.35304e-31 -1.443823e-16 -1 3.35304e-31 -1.443823e-16 -1 3.35304e-31 1.443823e-16 1 -3.35304e-31 1.443823e-16 1 -3.35304e-31 1.443823e-16 1 -3.35304e-31 1.443823e-16 1 -3.35304e-31 0 0 0 -1.159935e-16 4.603187e-31 -1 -1.159935e-16 4.603187e-31 -1 -1.159935e-16 4.603187e-31 -1 -1.159935e-16 4.603187e-31 -1 1.159935e-16 -4.603187e-31 1 1.159935e-16 -4.603187e-31 1 1.159935e-16 -4.603187e-31 1 1.159935e-16 -4.603187e-31 1 -1 0 7.657137e-16 -1 0 7.657137e-16 -1 0 7.657137e-16 -1 0 7.657137e-16 1 -0 -7.657137e-16 1 -0 -7.657137e-16 1 -0 -7.657137e-16 1 -0 -7.657137e-16</float_array>
                    <technique_common>
                        <accessor count="56" source="#ID120" stride="3">
                            <param name="X" type="float" />
                            <param name="Y" type="float" />
                            <param name="Z" type="float" />
                        </accessor>
                    </technique_common>
                </source>
                <source id="ID116">
                    <Name_array id="ID122" count="0" />
                    <technique_common>
                        <accessor count="0" source="#ID122" stride="1">
                            <param name="skp_material" type="Name" />
                        </accessor>
                    </technique_common>
                </source>
                <source id="ID118">
                    <float_array id="ID121" count="44">0.2115385 0.7692308 0.2115385 1.927426e-14 -3.470728e-15 0.7692308 -3.470728e-15 1.927426e-14 7.706564e-31 0.7692308 0 3.470728e-15 -24.03846 0.7692308 -24.03846 8.67682e-16 24.03846 0.2115385 24.03846 -3.470728e-15 -8.922575e-17 0.2115385 -8.922575e-17 3.540913e-31 -7.706564e-31 0.7692308 24.03846 0.7692308 24.03846 8.67682e-16 -24.03846 -3.470728e-15 -24.03846 0.2115385 4.025818e-31 1.597641e-45 4.025818e-31 0.2115385 -0.2115385 3.470728e-15 -0.2115385 0.7692308 0 0.7692308</float_array>
                    <technique_common>
                        <accessor count="22" source="#ID121" stride="2">
                            <param name="S" type="float" />
                            <param name="T" type="float" />
                        </accessor>
                    </technique_common>
                </source>
                <vertices id="ID117">
                    <input semantic="POSITION" source="#ID114" />
                    <input semantic="NORMAL" source="#ID115" />
                </vertices>
                <triangles count="24" material="Material2">
                    <input offset="0" semantic="VERTEX" source="#ID117" />
                    <input offset="1" semantic="TEXCOORD" source="#ID118" />
                    <p>0 0 1 1 2 2 3 3 2 2 1 1 4 1 5 2 6 3 5 2 4 1 7 0 12 4 13 5 14 6 15 7 14 6 13 5 16 5 17 6 18 7 17 6 16 5 19 4 22 8 23 9 24 10 25 11 24 10 23 9 26 9 27 10 28 11 27 10 26 9 29 8 31 12 32 13 33 5 34 14 33 5 32 13 35 13 36 5 37 14 36 5 35 13 38 12 40 15 41 16 42 17 43 18 42 17 41 16 44 16 45 17 46 18 45 17 44 16 47 15 48 19 49 20 50 5 51 21 50 5 49 20 52 20 53 5 54 21 53 5 52 20 55 19</p>
                </triangles>
                <lines count="12" material="Material3">
                    <input offset="0" semantic="VERTEX" source="#ID117" />
                    <p>8 9 9 10 10 11 11 8 9 20 8 21 20 21 30 20 30 10 39 30 39 11 39 21</p>
                </lines>
            </mesh>
        </geometry>
        <geometry id="ID124">
            <mesh>
                <source id="ID130">
                    <float_array id="ID137" count="1068">73.34406 0.3618182 0.4362645 55.24556 0.4010458 0.4054051 55.24556 0.3299643 0.4530294 55.24556 0.3299643 0.4530294 55.24556 0.4010458 0.4054051 73.34406 0.3618182 0.4362645 55.24556 0.3299643 0.4530294 55.24556 0.4010458 0.4054051 73.34406 0.3618182 0.4362645 55.24556 0.3299643 0.4530294 18.6963 0.4010458 0.4054051 18.6963 0.3299643 0.4530294 55.24556 0.4010458 0.4054051 55.24556 0.4010458 0.4054051 55.24556 0.3299643 0.4530294 18.6963 0.4010458 0.4054051 18.6963 0.3299643 0.4530294 18.6963 0.4010458 0.4054051 18.6963 0.3299643 0.4530294 73.29969 0.2716112 0.4697676 73.29969 0.2716112 0.4697676 73.29969 0.2716112 0.4697676 73.44111 0.4355301 0.3629696 73.44111 0.4355301 0.3629696 73.44111 0.4355301 0.3629696 18.6963 0.4010458 0.4054051 55.24556 0.4545451 0.3263491 18.6963 0.4545451 0.3263491 55.24556 0.4010458 0.4054051 55.24556 0.4010458 0.4054051 18.6963 0.4010458 0.4054051 55.24556 0.4545451 0.3263491 18.6963 0.4545451 0.3263491 18.6963 0.4545451 0.3263491 55.24556 0.4545451 0.3263491 18.6963 0.4010458 0.4054051 0.5932629 0.3352366 0.4506727 18.6963 0.3299643 0.4530294 18.6963 0.3299643 0.4530294 0.5932629 0.3352366 0.4506727 18.6963 0.4010458 0.4054051 0.5932629 0.3352366 0.4506727 55.24556 0.2393126 0.4724165 18.6963 0.3299643 0.4530294 18.6963 0.2393126 0.4724165 55.24556 0.3299643 0.4530294 55.24556 0.3299643 0.4530294 55.24556 0.2393126 0.4724165 18.6963 0.3299643 0.4530294 18.6963 0.2393126 0.4724165 18.6963 0.2393126 0.4724165 55.24556 0.2393126 0.4724165 55.24556 0.2393126 0.4724165 55.24556 0.2393126 0.4724165 55.24556 0.4545451 0.3263491 55.24556 0.4545451 0.3263491 18.6963 0.4545451 0.3263491 55.24556 0.4724168 0.2362168 18.6963 0.4724168 0.2362168 55.24556 0.4545451 0.3263491 55.24556 0.4545451 0.3263491 18.6963 0.4545451 0.3263491 55.24556 0.4724168 0.2362168 18.6963 0.4724168 0.2362168 55.24556 0.4724168 0.2362168 18.6963 0.4724168 0.2362168 18.6963 0.4010458 0.4054051 18.6963 0.4545451 0.3263491 0.5285747 0.4046432 0.4018238 0.5285747 0.4046432 0.4018238 18.6963 0.4545451 0.3263491 18.6963 0.4010458 0.4054051 0.5285747 0.4046432 0.4018238 0.5285747 0.4046432 0.4018238 0.5285747 0.4046432 0.4018238 0.6185498 0.2716109 0.4697676 0.6185498 0.2716109 0.4697676 0.6185498 0.2716109 0.4697676 18.6963 0.2393126 0.4724165 18.6963 0.2393126 0.4724165 55.24556 0.1494402 0.4559393 18.6963 0.2393126 0.4724165 18.6963 0.1494402 0.4559393 55.24556 0.2393126 0.4724165 55.24556 0.2393126 0.4724165 55.24556 0.1494402 0.4559393 18.6963 0.2393126 0.4724165 18.6963 0.1494402 0.4559393 18.6963 0.1494402 0.4559393 55.24556 0.1494402 0.4559393 73.29969 0.2007686 0.4697668 73.29969 0.2007686 0.4697668 73.29969 0.2007686 0.4697668 73.57099 0.4706665 0.2648965 73.57099 0.4706665 0.2648965 73.57099 0.4706665 0.2648965 18.6963 0.4724168 0.2362168 55.24556 0.4528896 0.1421737 18.6963 0.4528896 0.1421737 73.60897 0.4724168 0.2362168 55.24556 0.4724168 0.2362168 55.24556 0.4724168 0.2362168 18.6963 0.4724168 0.2362168 73.60897 0.4724168 0.2362168 55.24556 0.4528896 0.1421737 18.6963 0.4528896 0.1421737 18.6963 0.4528896 0.1421737 55.24556 0.4528896 0.1421737 73.60897 0.4724168 0.2362168 18.6963 0.4545451 0.3263491 18.6963 0.4724168 0.2362168 0.422535 0.4563885 0.3217479 0.422535 0.4563885 0.3217479 18.6963 0.4724168 0.2362168 18.6963 0.4545451 0.3263491 0.422535 0.4563885 0.3217479 0.422535 0.4563885 0.3217479 0.422535 0.4563885 0.3217479 0.6185468 0.2007741 0.4697683 0.6185468 0.2007741 0.4697683 0.6185468 0.2007741 0.4697683 18.6963 0.1494402 0.4559393 18.6963 0.1494402 0.4559393 55.24556 0.06779384 0.4018956 18.6963 0.1494402 0.4559393 18.6963 0.06779384 0.4018956 55.24556 0.1494402 0.4559393 55.24556 0.1494402 0.4559393 55.24556 0.06779384 0.4018956 18.6963 0.1494402 0.4559393 18.6963 0.06779384 0.4018956 18.6963 0.06779384 0.4018956 55.24556 0.06779384 0.4018956 55.24556 0.1494402 0.4559393 55.24556 0.1494402 0.4559393 18.6963 0.4528896 0.1421737 55.24556 0.4008419 0.06682943 18.6963 0.4008419 0.06682943 55.24556 0.4528896 0.1421737 55.24556 0.4528896 0.1421737 18.6963 0.4528896 0.1421737 55.24556 0.4008419 0.06682943 18.6963 0.4008419 0.06682943 18.6963 0.4008419 0.06682943 55.24556 0.4008419 0.06682943 18.6963 0.4528896 0.1421737 0.2712896 0.4706665 0.2075371 0.2712896 0.4706665 0.2075371 18.6963 0.4528896 0.1421737 0.2712896 0.4706665 0.2075371 73.72223 0.4563885 0.1506858 73.72223 0.4563885 0.1506858 73.72223 0.4563885 0.1506858 0.3092749 0.4724168 0.2362168 0.3092749 0.4724168 0.2362168 0.3092749 0.4724168 0.2362168 0.5741924 0.1105547 0.4362722 0.5741924 0.1105547 0.4362722 0.5741924 0.1105547 0.4362722 18.6963 0.06779384 0.4018956 18.6963 0.06779384 0.4018956 73.38966 0.06772985 0.4018307 18.6963 0.01793529 0.3265506 55.24556 0.01793529 0.3265506 18.6963 0.06779384 0.4018956 55.24556 0.06779384 0.4018956 55.24556 0.06779384 0.4018956 73.38966 0.06772985 0.4018307 18.6963 0.06779384 0.4018956 18.6963 0.01793529 0.3265506 55.24556 0.01793529 0.3265506 18.6963 0.01793529 0.3265506 55.24556 0.01793529 0.3265506 73.38966 0.06772985 0.4018307 73.34405 0.1105549 0.4362722 73.34405 0.1105549 0.4362722 73.34405 0.1105549 0.4362722 55.24556 0.4008419 0.06682943 18.6963 0.3285433 0.01879505 18.6963 0.4008419 0.06682943 55.24556 0.3285433 0.01879505 55.24556 0.3285433 0.01879505 55.24556 0.4008419 0.06682943 18.6963 0.3285433 0.01879505 18.6963 0.4008419 0.06682943 18.6963 0.3285433 0.01879505 55.24556 0.3285433 0.01879505 18.6963 0.4008419 0.06682943 0.1414126 0.4355301 0.1094641 0.1414126 0.4355301 0.1094641 18.6963 0.4008419 0.06682943 0.1414126 0.4355301 0.1094641 55.24556 0.4528896 0.1421737 73.82827 0.4046432 0.07060981 55.24556 0.4008419 0.06682943 55.24556 0.4008419 0.06682943 73.82827 0.4046432 0.07060981 55.24556 0.4528896 0.1421737 73.82827 0.4046432 0.07060981 73.72223 0.4563885 0.1506858 73.72223 0.4563885 0.1506858 0.4771311 0.03685624 0.3629764 0.4771311 0.03685624 0.3629764 0.4771311 0.03685624 0.3629764 18.6963 0.01793529 0.3265506 18.6963 0.01793529 0.3265506 55.24556 0.01793529 0.3265506 18.6963 1.287463e-05 0.2386849 55.24556 1.287463e-05 0.2386849 18.6963 0.01793529 0.3265506 18.6963 0.01793529 0.3265506 55.24556 0.01793529 0.3265506 18.6963 1.287463e-05 0.2386849 55.24556 1.287463e-05 0.2386849 18.6963 1.287463e-05 0.2386849 55.24556 1.287463e-05 0.2386849 73.4957 0.01601053 0.3217471 73.4957 0.01601053 0.3217471 73.4957 0.01601053 0.3217471 55.24556 0.3285433 0.01879505 18.6963 0.2374659 0 18.6963 0.3285433 0.01879505 55.24556 0.2374659 0 55.24556 0.2374659 0 55.24556 0.3285433 0.01879505 18.6963 0.2374659 0 18.6963 0.3285433 0.01879505 18.6963 0.2374659 0 55.24556 0.2374659 0 18.6963 0.3285433 0.01879505 0.04436349 0.3618182 0.03616836 0.04436349 0.3618182 0.03616836 18.6963 0.3285433 0.01879505 0.04436349 0.3618182 0.03616836 73.89296 0.3352366 0.02176098 55.24556 0.3285433 0.01879505 55.24556 0.4008419 0.06682943 55.24556 0.4008419 0.06682943 55.24556 0.3285433 0.01879505 73.89296 0.3352366 0.02176098 73.89296 0.3352366 0.02176098 73.82827 0.4046432 0.07060981 73.82827 0.4046432 0.07060981 0.4225442 0.0160097 0.3217456 0.4225442 0.0160097 0.3217456 0.4225442 0.0160097 0.3217456 18.6963 1.287463e-05 0.2386849 18.6963 1.287463e-05 0.2386849 55.24556 1.287463e-05 0.2386849 18.6963 0.01768089 0.1465003 55.24556 0.01768089 0.1465003 18.6963 1.287463e-05 0.2386849 18.6963 1.287463e-05 0.2386849 55.24556 1.287463e-05 0.2386849 18.6963 0.01768089 0.1465003 55.24556 0.01768089 0.1465003 18.6963 0.01768089 0.1465003 55.24556 0.01768089 0.1465003 55.24556 0.01793529 0.3265506 55.24556 1.287463e-05 0.2386849 73.4957 0.01601053 0.3217471 73.4957 0.01601053 0.3217471 55.24556 1.287463e-05 0.2386849 55.24556 0.01793529 0.3265506 55.24556 0.2374659 0 18.6963 0.1430997 0.01910404 18.6963 0.2374659 0 55.24556 0.1430997 0.01910404 55.24556 0.1430997 0.01910404 55.24556 0.2374659 0 18.6963 0.1430997 0.01910404 18.6963 0.2374659 0 18.6963 0.1430997 0.01910404 55.24556 0.1430997 0.01910404 18.6963 0.2374659 0 0 0.2716112 0.002666097 0 0.2716112 0.002666097 18.6963 0.2374659 0 0 0.2716112 0.002666097 73.91824 0.2716109 0.002666097 55.24556 0.2374659 0 55.24556 0.2374659 0 73.91824 0.2716109 0.002666097 73.91824 0.2716109 0.002666097 0.3092749 0 0.2362168 0.3092749 0 0.2362168 0.3092749 0 0.2362168 18.6963 1.287463e-05 0.2386849 0.3092749 0 0.2362168 18.6963 0.01768089 0.1465003 18.6963 0.01768089 0.1465003 0.3092749 0 0.2362168 18.6963 1.287463e-05 0.2386849 55.24556 0.01768089 0.1465003 18.6963 0.07070066 0.06763357 55.24556 0.07070066 0.06763357 18.6963 0.01768089 0.1465003 18.6963 0.01768089 0.1465003 55.24556 0.01768089 0.1465003 18.6963 0.07070066 0.06763357 55.24556 0.07070066 0.06763357 18.6963 0.07070066 0.06763357 55.24556 0.07070066 0.06763357 55.24556 1.287463e-05 0.2386849 55.24556 0.01768089 0.1465003 73.60897 0 0.2362168 73.60897 0 0.2362168 55.24556 0.01768089 0.1465003 55.24556 1.287463e-05 0.2386849 73.60897 0 0.2362168 73.60897 0 0.2362168 73.60897 0 0.2362168 55.24556 0.1430997 0.01910404 18.6963 0.07070066 0.06763357 18.6963 0.1430997 0.01910404 55.24556 0.07070066 0.06763357 55.24556 0.07070066 0.06763357 55.24556 0.1430997 0.01910404 18.6963 0.07070066 0.06763357 18.6963 0.1430997 0.01910404 18.6963 0.1430997 0.01910404 0 0.2007686 0.002666479 0 0.2007686 0.002666479 18.6963 0.1430997 0.01910404 0 0.2007686 0.002666479 73.91824 0.2007742 0.002665334 55.24556 0.1430997 0.01910404 55.24556 0.1430997 0.01910404 73.91824 0.2007742 0.002665334 73.91824 0.2007742 0.002665334 0.1960087 0.01601055 0.1506866 0.1960087 0.01601055 0.1506866 0.1960087 0.01601055 0.1506866 18.6963 0.01768089 0.1465003 0.0899599 0.06772985 0.07060294 18.6963 0.07070066 0.06763357 18.6963 0.07070066 0.06763357 0.0899599 0.06772985 0.07060294 18.6963 0.01768089 0.1465003 0.0899599 0.06772985 0.07060294 55.24556 0.07070066 0.06763357 73.77683 0.03685624 0.1094572 73.77683 0.03685624 0.1094572 55.24556 0.07070066 0.06763357 73.77683 0.03685624 0.1094572 73.72224 0.0160097 0.1506881 73.72224 0.0160097 0.1506881 73.72224 0.0160097 0.1506881 0.04435434 0.1105549 0.0361615 0.04435434 0.1105549 0.0361615 0.04435434 0.1105549 0.0361615 73.87389 0.1105547 0.0361615 73.87389 0.1105547 0.0361615 73.87389 0.1105547 0.0361615 0.1960087 0.01601055 0.1506866 0.1960087 0.01601055 0.1506866</float_array>
                    <technique_common>
                        <accessor count="356" source="#ID137" stride="3">
                            <param name="X" type="float" />
                            <param name="Y" type="float" />
                            <param name="Z" type="float" />
                        </accessor>
                    </technique_common>
                </source>
                <source id="ID131">
                    <float_array id="ID138" count="1068">0.0003031483 0.599439 0.8004204 -0.000239713 0.7054555 0.7087541 -0.0002235785 0.3898818 0.9208649 0.0002235785 -0.3898818 -0.9208649 0.000239713 -0.7054555 -0.7087541 -0.0003031483 -0.599439 -0.8004204 0 0 0 0 0 0 0 0 0 0 0.5566133 0.8307717 0 0.5566133 0.8307717 0 0.5566133 0.8307717 0 0.5566133 0.8307717 -0 -0.5566133 -0.8307717 -0 -0.5566133 -0.8307717 -0 -0.5566133 -0.8307717 -0 -0.5566133 -0.8307717 0 0 0 0 0 0 0.0002104863 0.1981047 0.9801808 -0.0002104863 -0.1981047 -0.9801808 0 0 0 0.0003124987 0.898775 0.4384101 -0.0003124987 -0.898775 -0.4384101 0 0 0 0 0.8281848 0.5604551 0 0.8281848 0.5604551 0 0.8281848 0.5604551 0 0.8281848 0.5604551 -0 -0.8281848 -0.5604551 -0 -0.8281848 -0.5604551 -0 -0.8281848 -0.5604551 -0 -0.8281848 -0.5604551 0 0 0 0 0 0 5.365228e-05 0.5566702 0.8307336 -4.543506e-05 0.4797564 0.8774017 0.000144448 0.3899274 0.9208456 -0.000144448 -0.3899274 -0.9208456 4.543506e-05 -0.4797564 -0.8774017 -5.365228e-05 -0.5566702 -0.8307336 0 0 0 0 0.2091343 0.9778869 0 0.2091343 0.9778869 0 0.2091343 0.9778869 0 0.2091343 0.9778869 -0 -0.2091343 -0.9778869 -0 -0.2091343 -0.9778869 -0 -0.2091343 -0.9778869 -0 -0.2091343 -0.9778869 0 0 0 0 0 0 -0.0002397584 0.01468413 0.9998922 0.0002397584 -0.01468413 -0.9998922 -0.0002403878 0.9228723 0.3851061 0.0002403878 -0.9228723 -0.3851061 0 0.9809034 0.1944956 0 0.9809034 0.1944956 0 0.9809034 0.1944956 0 0.9809034 0.1944956 -0 -0.9809034 -0.1944956 -0 -0.9809034 -0.1944956 -0 -0.9809034 -0.1944956 -0 -0.9809034 -0.1944956 0 0 0 0 0 0 5.351045e-05 0.8281848 0.5604551 5.315832e-05 0.8282244 0.5603966 -5.172282e-05 0.8398417 0.5428314 5.172282e-05 -0.8398417 -0.5428314 -5.315832e-05 -0.8282244 -0.5603966 -5.351045e-05 -0.8281848 -0.5604551 0 0 0 -4.724507e-05 0.5755203 0.8177875 4.724507e-05 -0.5755203 -0.8177875 -8.874978e-05 0.1603426 0.9870614 8.874978e-05 -0.1603426 -0.9870614 0 0 0 0.000239458 0.01468414 0.9998922 -0.000239458 -0.01468414 -0.9998922 0 -0.1803346 0.9836053 0 -0.1803346 0.9836053 0 -0.1803346 0.9836053 0 -0.1803346 0.9836053 -0 0.1803346 -0.9836053 -0 0.1803346 -0.9836053 -0 0.1803346 -0.9836053 -0 0.1803346 -0.9836053 0 0 0 0 0 0 0.0002192306 -0.1980445 0.980193 -0.0002192306 0.1980445 -0.980193 0 0 0 6.46321e-05 0.9926956 0.1206458 -6.46321e-05 -0.9926956 -0.1206458 0 0 0 0 0.9791157 -0.203304 -1.527809e-07 0.9791216 -0.2032754 0 0.9791157 -0.203304 -8.052489e-05 0.9909349 -0.1343427 -7.143122e-05 0.9974028 -0.0720249 7.143122e-05 -0.9974028 0.0720249 -0 -0.9791157 0.203304 8.052489e-05 -0.9909349 0.1343427 1.527809e-07 -0.9791216 0.2032754 -0 -0.9791157 0.203304 0 0 0 0 0 0 0 0 0 4.997473e-05 0.9809034 0.1944956 0.0001393052 0.9999901 -0.004438773 1.010518e-07 0.9828866 0.1842117 -1.010518e-07 -0.9828866 -0.1842117 -0.0001393052 -0.9999901 0.004438773 -4.997473e-05 -0.9809034 -0.1944956 0 0 0 -5.195276e-05 0.8398668 0.5427926 5.195276e-05 -0.8398668 -0.5427926 -0.0002189347 -0.1980324 0.9801955 0.0002189347 0.1980324 -0.9801955 0 0 0 0.0002643341 -0.3737111 0.9275451 -0.0002643341 0.3737111 -0.9275451 0 -0.5519591 0.8338712 0 -0.5519591 0.8338712 0 -0.5519591 0.8338712 0 -0.5519591 0.8338712 -0 0.5519591 -0.8338712 -0 0.5519591 -0.8338712 -0 0.5519591 -0.8338712 -0 0.5519591 -0.8338712 0 0 0 0 0 0 -0.0002646618 -0.373711 0.9275451 0.0002646618 0.373711 -0.9275451 0 0.8227728 -0.5683704 0 0.8227728 -0.5683704 0 0.8227728 -0.5683704 0 0.8227728 -0.5683704 -0 -0.8227728 0.5683704 -0 -0.8227728 0.5683704 -0 -0.8227728 0.5683704 -0 -0.8227728 0.5683704 0 0 0 0 0 0 0.0002314958 0.9192502 -0.3936739 -0.0002279997 0.9596264 -0.2812777 0.0002279997 -0.9596264 0.2812777 -0.0002314958 -0.9192502 0.3936739 0 0 0 -0.000101208 0.9828662 -0.1843203 0.000101208 -0.9828662 0.1843203 0 0 0 -1.189433e-20 0.9999503 -0.009974534 1.189433e-20 -0.9999503 0.009974534 0 0 0 -0.0003077363 -0.5994594 0.8004051 0.0003077363 0.5994594 -0.8004051 0 0 0 0.0002625429 -0.7071622 0.7070513 -0.0002625429 0.7071622 -0.7070513 4.020427e-05 -0.7909255 0.6119125 -2.059983e-07 -0.8339583 0.5518274 -1.150229e-07 -0.8339686 0.551812 -2.059983e-07 -0.8339583 0.5518274 -9.490368e-05 -0.7534326 0.6575251 9.490368e-05 0.7534326 -0.6575251 -4.020427e-05 0.7909255 -0.6119125 2.059983e-07 0.8339583 -0.5518274 2.059983e-07 0.8339583 -0.5518274 1.150229e-07 0.8339686 -0.551812 0 0 0 0 0 0 0 0 0 9.157382e-05 -0.5396718 0.8418755 -9.157382e-05 0.5396718 -0.8418755 0 0 0 0 0.5533861 -0.8329249 0 0.5533861 -0.8329249 0 0.5533861 -0.8329249 0 0.5533861 -0.8329249 -0 -0.5533861 0.8329249 -0 -0.5533861 0.8329249 -0 -0.5533861 0.8329249 -0 -0.5533861 0.8329249 0 0 0 0 0 0 0.0002248868 0.7006739 -0.7134816 -0.0003094397 0.771782 -0.6358871 0.0003094397 -0.771782 0.6358871 -0.0002248868 -0.7006739 0.7134816 0 0 0 -5.22131e-05 0.8228302 -0.5682873 8.997465e-05 0.8398402 -0.5428336 -5.268223e-05 0.8227728 -0.5683704 5.268223e-05 -0.8227728 0.5683704 -8.997465e-05 -0.8398402 0.5428336 5.22131e-05 -0.8228302 0.5682873 0 0 0 9.094047e-05 0.8399531 -0.5426589 -9.094047e-05 -0.8399531 0.5426589 -9.870802e-05 -0.8535158 0.5210669 9.870802e-05 0.8535158 -0.5210669 0 0 0 0.0001464635 -0.923826 0.3828127 -0.0001464635 0.923826 -0.3828127 0 -0.9798245 0.19986 0 -0.9798245 0.19986 0 -0.9798245 0.19986 0 -0.9798245 0.19986 -0 0.9798245 -0.19986 -0 0.9798245 -0.19986 -0 0.9798245 -0.19986 -0 0.9798245 -0.19986 0 0 0 0 0 0 5.421228e-05 -0.8400132 0.542566 -5.421228e-05 0.8400132 -0.542566 0 0 0 0 0.2021048 -0.9793639 0 0.2021048 -0.9793639 0 0.2021048 -0.9793639 0 0.2021048 -0.9793639 -0 -0.2021048 0.9793639 -0 -0.2021048 0.9793639 -0 -0.2021048 0.9793639 -0 -0.2021048 0.9793639 0 0 0 0 0 0 0.0002237337 0.3847815 -0.9230077 -0.0002730923 0.4605523 -0.8876325 0.0002730923 -0.4605523 0.8876325 -0.0002237337 -0.3847815 0.9230077 0 0 0 4.935131e-05 0.3846288 -0.9230713 -0.0001503953 0.3848243 -0.9229898 -6.582075e-05 0.553451 -0.8328817 6.582075e-05 -0.553451 0.8328817 0.0001503953 -0.3848243 0.9229898 -4.935131e-05 -0.3846288 0.9230713 0 0 0 4.86158e-05 0.57558 -0.8177455 -4.86158e-05 -0.57558 0.8177455 -2.419622e-05 -0.9696356 0.2445543 2.419622e-05 0.9696356 -0.2445543 0 0 0 5.047003e-05 -0.9798342 0.199812 -5.047003e-05 0.9798342 -0.199812 0 -0.9821244 -0.188233 0 -0.9821244 -0.188233 0 -0.9821244 -0.188233 0 -0.9821244 -0.188233 -0 0.9821244 0.188233 -0 0.9821244 0.188233 -0 0.9821244 0.188233 -0 0.9821244 0.188233 0 0 0 0 0 0 -5.073393e-05 -0.9798245 0.19986 -5.050702e-05 -0.9798343 0.199812 2.389697e-05 -0.9829155 0.1840576 -2.389697e-05 0.9829155 -0.1840576 5.050702e-05 0.9798343 -0.199812 5.073393e-05 0.9798245 -0.19986 0 -0.1984206 -0.980117 0 -0.1984206 -0.980117 0 -0.1984206 -0.980117 0 -0.1984206 -0.980117 -0 0.1984206 0.980117 -0 0.1984206 0.980117 -0 0.1984206 0.980117 -0 0.1984206 0.980117 0 0 0 0 0 0 0.0002440397 0.001886638 -0.9999982 -0.0001906289 0.1486143 -0.9888952 0.0001906289 -0.1486143 0.9888952 -0.0002440397 -0.001886638 0.9999982 0 0 0 0.0001025937 0.1262684 -0.9919961 -0.0002443466 0.001886647 -0.9999982 0.0002443466 -0.001886647 0.9999982 -0.0001025937 -0.1262684 0.9919961 0 0 0 -2.401301e-05 -0.9829225 0.1840201 2.401301e-05 0.9829225 -0.1840201 0 0 0 2.595445e-05 -0.9821244 -0.188233 4.705302e-05 -0.9829141 -0.1840646 2.601817e-05 -0.9821268 -0.1882205 -2.601817e-05 0.9821268 0.1882205 -4.705302e-05 0.9829141 0.1840646 -2.595445e-05 0.9821244 0.188233 0 -0.8298977 -0.5579156 0 -0.8298977 -0.5579156 0 -0.8298977 -0.5579156 0 -0.8298977 -0.5579156 -0 0.8298977 0.5579156 -0 0.8298977 0.5579156 -0 0.8298977 0.5579156 -0 0.8298977 0.5579156 0 0 0 0 0 0 -2.598782e-05 -0.9821244 -0.188233 -0.0001439794 -0.9247021 -0.3806915 -4.714501e-05 -0.9829153 -0.1840584 4.714501e-05 0.9829153 0.1840584 0.0001439794 0.9247021 0.3806915 2.598782e-05 0.9821244 0.188233 0 0 0 2.404472e-05 -0.9829213 0.1840263 -2.404472e-05 0.9829213 -0.1840263 0 -0.5567915 -0.8306523 0 -0.5567915 -0.8306523 0 -0.5567915 -0.8306523 0 -0.5567915 -0.8306523 -0 0.5567915 0.8306523 -0 0.5567915 0.8306523 -0 0.5567915 0.8306523 -0 0.5567915 0.8306523 0.0002344335 -0.3849413 -0.922941 -0.0001896894 -0.1485887 -0.9888991 0.0001896894 0.1485887 0.9888991 -0.0002344335 0.3849413 0.922941 0 0 0 0.0001899183 -0.1485772 -0.9889008 -0.0002347322 -0.3849413 -0.922941 0.0002347322 0.3849413 0.922941 -0.0001899183 0.1485772 0.9889008 0 0 0 4.709642e-05 -0.9829158 -0.184056 -4.709642e-05 0.9829158 0.184056 0 0 0 4.317489e-05 -0.8299314 -0.5578655 -2.994853e-05 -0.6853245 -0.7282378 0.0001299028 -0.7066659 -0.7075474 -0.0001299028 0.7066659 0.7075474 2.994853e-05 0.6853245 0.7282378 -4.317489e-05 0.8299314 0.5578655 0 0 0 -0.0002378147 -0.706618 -0.7075952 0.0002456667 -0.7557407 -0.654871 -0.0002456667 0.7557407 0.654871 0.0002378147 0.706618 0.7075952 0 0 0 7.034601e-06 -0.9177055 -0.3972613 -7.034601e-06 0.9177055 0.3972613 0 0 0 -0.0001825024 -0.4379389 -0.8990047 0.0001825024 0.4379389 0.8990047 0 0 0 0.0002722036 -0.4605 -0.8876597 -0.0002722036 0.4605 0.8876597 0 0 0 -4.690276e-05 -0.8400743 -0.5424714 4.690276e-05 0.8400743 0.5424714</float_array>
                    <technique_common>
                        <accessor count="356" source="#ID138" stride="3">
                            <param name="X" type="float" />
                            <param name="Y" type="float" />
                            <param name="Z" type="float" />
                        </accessor>
                    </technique_common>
                </source>
                <source id="ID132">
                    <Name_array id="ID140" count="0" />
                    <technique_common>
                        <accessor count="0" source="#ID140" stride="1">
                            <param name="skp_material" type="Name" />
                        </accessor>
                    </technique_common>
                </source>
                <source id="ID134">
                    <float_array id="ID139" count="528">-1.222403 -0.0005792993 -0.9207618 -0.001503323 -0.9207613 -7.730919e-05 -0.9207593 -0.0003660468 -0.311605 -0.001792061 -0.311605 -0.0003660468 -0.9207593 -0.001792061 -1.222396 -0.003964782 -0.920755 -0.003161992 -1.221658 -0.00236048 -1.224015 -0.001276745 -0.9207562 -0.0002733815 -1.222398 0.000456272 -0.311605 0.001849702 -0.9207593 0.0002587539 -0.311605 0.0002587539 -0.9207593 0.001849702 -0.3116044 -0.001817154 -0.009887173 -0.0004617074 -0.3116045 -0.0003911401 -0.9207593 -0.002253703 -0.311605 -0.00379873 -0.311605 -0.002253703 -0.9207593 -0.00379873 -1.221666 -0.001471722 -0.9207648 -0.002805646 -0.9207632 -0.001260619 -0.9207614 0.002013259 -1.224021 0.001159272 -0.9207617 0.0004223105 -0.311605 0.003861832 -0.9207593 0.002330381 -0.311605 0.002330381 -0.9207593 0.003861832 -0.3116046 0.001838418 -0.3116045 0.0002474701 -0.008809142 0.001766348 -0.3116056 -0.001556605 -0.008810131 -0.001660315 -0.009888174 -0.0002456871 -0.3116058 -0.003054534 -0.009888512 -0.003191188 -0.01030981 -0.002083976 -0.3115988 -0.004134361 -0.01030417 -0.002800438 -0.3116005 -0.002589335 0.9207593 0.003820198 0.311605 0.005343037 0.311605 0.003820198 0.9207593 0.005343037 1.22166 0.00452694 0.9207581 0.00398863 1.22166 0.003346229 -1.224016 0.003109896 -1.226181 0.001373373 -0.9207568 0.002461479 -0.311605 0.005455464 -0.9207593 0.003854646 -0.311605 0.003854646 -1.226816 0.005455464 -0.9207593 0.005455464 -0.3116046 0.003858745 -0.3116046 0.002327294 -0.007041863 0.003780563 -0.9207609 0.0039003 -1.226185 0.002856151 -0.920761 0.00236885 -0.008809995 0.001964315 -0.3116055 0.0004665634 -0.007042721 0.0003752534 0.3116062 0.003988459 0.01031031 0.004526764 0.01031026 0.003346151 0.3116101 0.004934529 0.01031356 0.004689783 0.3116081 0.003411691 0.9207593 0.004639354 0.311605 0.006271229 0.311605 0.004639354 0.9207593 0.006271229 1.221656 0.006306678 0.9207532 0.006551564 0.9207552 0.005028726 -0.311605 0.006239761 -0.9207593 0.004713535 -0.311605 0.004713535 -0.9207593 0.006239761 -0.3116032 0.005469921 -0.3116033 0.003869103 -0.004519703 0.00498173 -1.226183 0.003928898 -1.226816 0.003450013 -0.9207593 0.003450013 -1.226817 0.005297474 -1.228705 0.003847107 -0.9207601 0.003702765 -0.00704225 0.003869672 -0.311605 0.00241934 -0.005154582 0.00241934 0.311603 0.005206457 0.0103065 0.005868878 0.009568437 0.00426439 0.3116063 0.006139697 0.009570805 0.00554584 0.3116056 0.004507822 1.223161 0.006208254 0.311605 0.004703822 0.9207593 0.004703905 0.311605 0.00620962 0.9207593 0.006209703 1.2224 0.006066534 0.9207579 0.006660391 0.9207586 0.005028517 1.222402 0.003364246 1.221664 0.004968636 0.920761 0.004306298 -0.9207593 0.006180894 -0.311605 0.004734214 -0.311605 0.006180894 -0.9207593 0.004734214 -0.3116029 0.006289741 -0.3116031 0.004763515 -0.002354829 0.005627152 -0.9207598 0.006206252 -1.230472 0.004756604 -0.9207597 0.004680026 -0.004523884 0.005899329 -0.3116073 0.004742281 -0.002359089 0.004163265 -0.311605 0.004409259 -0.004521493 0.003930374 -0.005154582 0.004409259 -1.228703 0.006309395 -1.23047 0.004720497 -0.9207585 0.006140494 0.3116045 0.005623056 0.009569042 0.006435792 0.007951907 0.004702925 0.3116053 0.006160578 0.007952359 0.005382764 0.3116051 0.00465478 0.9207593 0.005392446 0.311605 0.003897865 0.9207593 0.003897865 0.311605 0.005392446 1.223161 0.006195353 0.9207593 0.004701723 1.224928 0.004606417 1.223161 0.005075934 1.222401 0.005991873 0.9207593 0.005077658 -0.9207593 0.005426034 -0.311605 0.003876092 -0.311605 0.005426034 -0.9207593 0.003876092 -0.3116029 0.004833366 -0.0007370877 0.005356609 -0.3116025 0.006280047 -1.23155 0.00473186 -0.92076 0.004642534 -0.9207601 0.006089214 -0.3116079 0.005424353 -0.0007420447 0.004699821 -0.002360071 0.006431825 -1.231549 0.004862787 -0.9207587 0.006167803 -1.230471 0.006277268 0.007952168 0.005675975 0.007042396 0.004905942 0.311605 0.004995681 0.311605 0.005389224 0.007042417 0.005307492 0.311605 0.003894643 0.9207593 0.003906931 0.311605 0.002342557 0.9207593 0.002342557 0.311605 0.003906931 0.9207593 0.005401975 0.9207593 0.003907394 1.224928 0.005320268 0.9207593 -0.003879072 0.311605 -0.002274397 0.311605 -0.003879072 0.9207593 -0.002274397 -0.3116003 0.004222554 5.139339e-06 0.004442415 -0.3115986 0.005772495 -1.231975 0.003070904 -0.9207632 0.002851043 -0.9207649 0.004400985 -0.3116089 0.005030796 -3.273368e-06 0.004258927 -0.0007437519 0.005862215 -1.23197 0.004550327 -0.9207584 0.005485453 -1.231548 0.005657412 0.007042396 0.005319982 0.005154582 0.003869737 0.311605 0.003911587 0.311605 0.003908481 0.005154582 0.003866597 0.311605 0.002344107 0.9207593 0.00186193 0.311605 0.0002780659 0.9207593 0.0002780659 0.311605 0.00186193 0.9207593 0.003902345 0.9207593 0.002337971 1.226816 0.003860461 1.224928 0.00531446 0.9207593 0.003906036 1.226816 0.003864186 0.9207593 -0.001803819 0.311605 -0.0003511644 0.311605 -0.001803819 0.9207593 -0.0003511644 0.3116078 -0.001890092 4.21052e-06 -0.003270791 0.3116098 -0.003494766 1.231966 -0.004792204 0.9207556 -0.003411408 0.9207536 -0.005016083 -0.311605 0.003957764 6.337779e-09 0.003346143 6.336872e-09 0.004526854 -1.231971 0.003346235 -0.9207593 0.003957763 -1.231971 0.004526847 0.005154582 0.003869733 0.003266824 0.002419451 0.311605 0.002348468 0.311605 0.001871037 0.001499391 0.0003468052 0.3116051 0.000287172 0.9207592 0.001703155 0.9207589 0.0001192905 1.229614 0.0009592266 1.226816 0.003858852 0.9207593 0.002337589 1.228704 0.002408598 0.3116055 -0.0002526705 0.00073994 -0.001194737 0.3116059 -0.001705325 1.231231 -0.001584645 0.9207588 -0.0006425784 0.9207583 -0.002095233 0.3116032 -0.002334457 0.0007379169 -0.001517943 -2.400474e-06 -0.003121298 1.231973 -0.00229178 1.231233 -0.0006883297 0.9207608 -0.001504864 0.003266797 0.001964945 0.001499269 0.0003761248 0.311605 0.001881892 0.311605 -0.0002211716 0.001499288 -0.000142206 0.0007391675 -0.001058122 1.231232 -0.0004955057 1.229614 0.001236338 0.9207597 0.0002481215 1.228704 0.0021343 0.9207593 0.00205609 1.229614 0.001364288</float_array>
                    <technique_common>
                        <accessor count="264" source="#ID139" stride="2">
                            <param name="S" type="float" />
                            <param name="T" type="float" />
                        </accessor>
                    </technique_common>
                </source>
                <vertices id="ID133">
                    <input semantic="POSITION" source="#ID130" />
                    <input semantic="NORMAL" source="#ID131" />
                </vertices>
                <triangles count="200" material="Material2">
                    <input offset="0" semantic="VERTEX" source="#ID133" />
                    <input offset="1" semantic="TEXCOORD" source="#ID134" />
                    <p>0 0 1 1 2 2 3 2 4 1 5 0 9 3 10 4 11 5 10 4 9 3 12 6 13 6 14 3 15 4 16 5 15 4 14 3 0 7 2 8 19 9 20 9 3 8 5 7 22 10 1 11 0 12 5 12 4 11 23 10 25 13 26 14 27 15 26 14 25 13 28 16 29 16 30 13 31 14 32 15 31 14 30 13 35 17 36 18 37 19 38 19 39 18 40 17 42 20 43 21 44 22 43 21 42 20 45 23 46 23 47 20 48 21 49 22 48 21 47 20 19 24 2 25 52 26 53 26 3 25 20 24 1 27 22 28 54 29 55 29 23 28 4 27 56 30 57 31 58 32 57 31 56 30 59 33 60 33 61 30 62 31 63 32 62 31 61 30 66 34 67 35 68 36 69 36 70 35 71 34 35 37 73 38 36 39 39 39 74 38 40 37 37 40 36 41 75 42 76 42 39 41 38 40 37 43 75 44 78 45 79 45 76 44 38 43 80 46 81 47 82 48 81 47 80 46 83 49 84 49 85 46 86 47 87 48 86 47 85 46 19 50 52 51 90 52 91 52 53 51 20 50 22 53 93 54 54 55 55 55 94 54 23 53 96 56 97 57 98 58 97 57 96 56 99 59 99 59 96 56 100 60 101 60 102 56 103 59 103 59 102 56 104 57 105 58 104 57 102 56 109 61 110 62 111 63 112 63 113 62 114 61 54 64 93 65 100 66 101 66 94 65 55 64 68 67 67 68 116 69 117 69 70 68 69 67 78 70 75 71 118 72 119 72 76 71 79 70 78 73 118 74 121 75 122 75 119 74 79 73 123 76 124 77 125 78 124 77 123 76 126 79 127 79 128 76 129 77 130 78 129 77 128 76 90 80 52 81 133 82 134 82 53 81 91 80 135 83 136 84 137 85 136 84 135 83 138 86 139 86 140 83 141 84 142 85 141 84 140 83 110 87 145 88 146 89 147 89 148 88 113 87 93 90 99 91 100 92 101 92 103 91 94 90 99 93 150 94 97 95 104 95 151 94 103 93 111 96 110 97 153 98 154 98 113 97 112 96 121 99 118 100 156 101 157 101 119 100 122 99 121 102 156 103 159 104 160 104 157 103 122 102 161 105 162 106 163 107 162 106 161 105 164 108 164 108 161 105 165 109 166 109 167 105 168 108 168 108 167 105 169 106 170 107 169 106 167 105 174 110 133 111 165 112 166 112 134 111 175 110 174 113 90 114 133 115 134 115 91 114 175 113 177 116 178 117 179 118 178 117 177 116 180 119 181 119 182 116 183 117 184 118 183 117 182 116 145 120 187 121 188 122 189 122 190 121 148 120 192 123 193 124 194 125 195 125 196 124 197 123 146 126 145 127 188 128 189 128 148 127 147 126 110 129 146 130 153 131 154 131 147 130 113 129 199 132 193 133 192 134 197 134 196 133 200 132 159 135 156 136 201 137 202 137 157 136 160 135 159 138 201 139 204 140 205 140 202 139 160 138 206 141 207 142 208 143 207 142 206 141 209 144 210 144 211 141 212 142 213 143 212 142 211 141 161 145 163 146 216 147 217 147 170 146 167 145 161 148 174 149 165 150 166 150 175 149 167 148 219 151 220 152 221 153 220 152 219 151 222 154 223 154 224 151 225 152 226 153 225 152 224 151 229 155 230 156 187 157 190 157 231 156 232 155 234 158 235 159 236 160 237 160 238 159 239 158 187 161 230 162 188 163 189 163 231 162 190 161 234 164 236 165 241 166 242 166 237 165 239 164 201 167 243 168 204 169 205 169 244 168 202 167 204 170 243 171 246 172 247 172 244 171 205 170 248 173 249 174 250 175 249 174 248 173 251 176 252 176 253 173 254 174 255 175 254 174 253 173 258 177 259 178 260 179 261 179 262 178 263 177 264 180 265 181 266 182 265 181 264 180 267 183 268 183 269 180 270 181 271 182 270 181 269 180 274 184 275 185 229 186 232 186 276 185 277 184 279 187 280 188 235 189 238 189 281 188 282 187 229 190 275 191 230 192 231 192 276 191 232 190 279 193 235 194 234 195 239 195 238 194 282 193 243 196 284 197 246 198 247 198 285 197 244 196 287 199 288 200 289 201 290 201 291 200 292 199 293 202 294 203 295 204 294 203 293 202 296 205 297 205 298 202 299 203 300 204 299 203 298 202 303 206 304 207 305 208 306 208 307 207 308 206 260 209 259 210 310 211 311 211 262 210 261 209 312 212 313 213 314 214 313 213 312 212 315 215 316 215 317 212 318 213 319 214 318 213 317 212 320 216 321 217 274 218 277 218 322 217 323 216 325 219 326 220 280 221 281 221 327 220 328 219 274 222 321 223 275 224 276 224 322 223 277 222 325 225 280 226 279 227 282 227 281 226 328 225 288 228 330 229 289 230 290 230 331 229 291 228 333 231 334 232 335 233 336 233 337 232 338 231 304 234 340 235 341 236 342 236 343 235 307 234 305 237 304 238 345 239 346 239 307 238 306 237 335 240 348 241 320 242 323 242 349 241 336 240 351 243 340 244 326 245 327 245 343 244 352 243 320 246 348 247 321 248 322 248 349 247 323 246 325 249 351 250 326 251 327 251 352 250 328 249 354 252 334 253 333 254 338 254 337 253 355 252 335 255 334 256 348 257 349 257 337 256 336 255 351 258 341 259 340 260 343 260 342 259 352 258 345 261 304 262 341 263 342 263 307 262 346 261</p>
                </triangles>
                <lines count="150" material="Material3">
                    <input offset="0" semantic="VERTEX" source="#ID133" />
                    <p>6 7 8 6 7 8 17 7 17 18 18 6 21 8 6 21 8 24 24 7 33 34 33 17 7 34 41 17 18 41 18 50 50 51 51 6 21 51 34 24 64 65 65 33 34 64 72 33 17 72 72 41 41 77 77 18 50 77 50 88 88 89 89 51 92 21 51 92 24 95 95 34 106 107 106 65 108 64 107 108 115 65 33 115 64 95 115 72 77 120 120 50 88 120 88 131 131 132 132 89 92 89 143 144 143 106 107 144 149 106 65 149 95 108 108 152 152 107 155 115 65 155 120 158 158 88 131 158 131 171 171 172 173 172 132 173 176 132 89 176 176 92 185 186 185 143 144 186 191 143 106 191 198 107 144 198 191 149 149 155 152 198 158 203 203 131 171 203 171 214 214 215 215 172 218 173 172 218 173 176 227 228 227 185 186 228 233 185 143 233 240 144 186 240 233 191 198 240 203 245 245 171 214 245 214 256 256 257 257 215 218 215 272 273 272 227 228 273 278 227 185 278 283 186 228 283 278 233 240 283 245 286 286 214 256 286 256 301 301 302 302 257 309 257 215 309 309 218 301 272 273 302 324 272 227 324 329 228 273 329 324 278 283 329 286 332 332 256 339 256 301 339 344 302 257 344 347 309 347 257 350 301 272 350 353 273 302 353 350 324 329 353 332 339 339 350 353 344 344 347</p>
                </lines>
            </mesh>
        </geometry>
        <geometry id="ID143">
            <mesh>
                <source id="ID144">
                    <float_array id="ID149" count="168">78.74016 25.03937 0 0 0 0 0 25.03937 0 78.74016 0 0 78.74016 0 0 78.74016 25.03937 0 0 0 0 0 25.03937 0 0 0 0 78.74016 0 0 0 25.03937 0 78.74016 25.03937 0 78.74016 0 0.8661417 0 0 0 78.74016 0 0 0 0 0.8661417 0 0 0.8661417 78.74016 0 0.8661417 0 0 0 78.74016 0 0 78.74016 0 0.8661417 0 0 0.8661417 0 25.03937 0.8661417 0 0 0 0 0 0.8661417 0 25.03937 0 0 25.03937 0 0 25.03937 0.8661417 0 0 0 0 0 0.8661417 0 25.03937 0.8661417 0 25.03937 0.8661417 78.74016 25.03937 0 0 25.03937 0 78.74016 25.03937 0.8661417 78.74016 25.03937 0.8661417 0 25.03937 0.8661417 78.74016 25.03937 0 0 25.03937 0 78.74016 25.03937 0.8661417 78.74016 25.03937 0 78.74016 0 0.8661417 78.74016 0 0 78.74016 25.03937 0.8661417 78.74016 25.03937 0.8661417 78.74016 25.03937 0 78.74016 0 0.8661417 78.74016 0 0 78.74016 0 0.8661417 0 25.03937 0.8661417 0 0 0.8661417 78.74016 25.03937 0.8661417 78.74016 25.03937 0.8661417 78.74016 0 0.8661417 0 25.03937 0.8661417 0 0 0.8661417</float_array>
                    <technique_common>
                        <accessor count="56" source="#ID149" stride="3">
                            <param name="X" type="float" />
                            <param name="Y" type="float" />
                            <param name="Z" type="float" />
                        </accessor>
                    </technique_common>
                </source>
                <source id="ID145">
                    <float_array id="ID150" count="168">0 0 -1 0 0 -1 0 0 -1 0 0 -1 -0 -0 1 -0 -0 1 -0 -0 1 -0 -0 1 0 0 0 0 0 0 0 0 0 0 0 0 0 -1 0 0 -1 0 0 -1 0 0 -1 0 -0 1 -0 -0 1 -0 -0 1 -0 -0 1 -0 0 0 0 0 0 0 -1 0 0 -1 0 0 -1 0 0 -1 0 0 1 -0 -0 1 -0 -0 1 -0 -0 1 -0 -0 0 0 0 0 1 0 0 1 0 0 1 0 0 1 0 -0 -1 -0 -0 -1 -0 -0 -1 -0 -0 -1 -0 0 0 0 1 0 0 1 0 0 1 0 0 1 0 0 -1 -0 -0 -1 -0 -0 -1 -0 -0 -1 -0 -0 0 0 1 0 0 1 0 0 1 0 0 1 -0 -0 -1 -0 -0 -1 -0 -0 -1 -0 -0 -1</float_array>
                    <technique_common>
                        <accessor count="56" source="#ID150" stride="3">
                            <param name="X" type="float" />
                            <param name="Y" type="float" />
                            <param name="Z" type="float" />
                        </accessor>
                    </technique_common>
                </source>
                <source id="ID146">
                    <Name_array id="ID152" count="0" />
                    <technique_common>
                        <accessor count="0" source="#ID152" stride="1">
                            <param name="skp_material" type="Name" />
                        </accessor>
                    </technique_common>
                </source>
                <source id="ID148">
                    <float_array id="ID151" count="26">-19.23077 6.115385 0 0 0 6.115385 -19.23077 0 19.23077 0.2115385 19.23077 0 0 0.2115385 -6.115385 0.2115385 -6.115385 0 -19.23077 0.2115385 6.115385 0 6.115385 0.2115385 19.23077 6.115385</float_array>
                    <technique_common>
                        <accessor count="13" source="#ID151" stride="2">
                            <param name="S" type="float" />
                            <param name="T" type="float" />
                        </accessor>
                    </technique_common>
                </source>
                <vertices id="ID147">
                    <input semantic="POSITION" source="#ID144" />
                    <input semantic="NORMAL" source="#ID145" />
                </vertices>
                <triangles count="24" material="Material2">
                    <input offset="0" semantic="VERTEX" source="#ID147" />
                    <input offset="1" semantic="TEXCOORD" source="#ID148" />
                    <p>0 0 1 1 2 2 1 1 0 0 3 3 4 3 5 0 6 1 7 2 6 1 5 0 12 4 13 1 14 5 13 1 12 4 15 6 16 6 17 4 18 1 19 5 18 1 17 4 22 7 23 1 24 6 23 1 22 7 25 8 26 8 27 7 28 1 29 6 28 1 27 7 31 6 32 3 33 1 32 3 31 6 34 9 35 9 36 6 37 3 38 1 37 3 36 6 40 10 41 6 42 1 41 6 40 10 43 11 44 11 45 10 46 6 47 1 46 6 45 10 48 5 49 2 50 1 49 2 48 5 51 12 52 12 53 5 54 2 55 1 54 2 53 5</p>
                </triangles>
                <lines count="12" material="Material3">
                    <input offset="0" semantic="VERTEX" source="#ID147" />
                    <p>8 9 8 10 11 10 11 9 20 9 21 20 8 21 10 30 30 21 39 30 11 39 39 20</p>
                </lines>
            </mesh>
        </geometry>
        <geometry id="ID154">
            <mesh>
                <source id="ID155">
                    <float_array id="ID160" count="168">98.4252 0.8661417 3.552714e-15 98.4252 -1.421085e-14 3.149607 98.4252 -1.421085e-14 3.552714e-15 98.4252 0.8661417 3.149607 98.4252 0.8661417 3.149607 98.4252 0.8661417 3.552714e-15 98.4252 -1.421085e-14 3.149607 98.4252 -1.421085e-14 3.552714e-15 98.4252 0.8661417 3.552714e-15 98.4252 0.8661417 3.149607 98.4252 -1.421085e-14 3.149607 98.4252 -1.421085e-14 3.552714e-15 0 0.8661417 1.421085e-14 98.4252 0.8661417 3.149607 98.4252 0.8661417 3.552714e-15 -1.065814e-14 0.8661417 3.149607 -1.065814e-14 0.8661417 3.149607 0 0.8661417 1.421085e-14 98.4252 0.8661417 3.149607 98.4252 0.8661417 3.552714e-15 -1.065814e-14 0.8661417 3.149607 0 0.8661417 1.421085e-14 98.4252 -1.421085e-14 3.149607 -1.065814e-14 0.8661417 3.149607 -1.065814e-14 0 3.149607 98.4252 0.8661417 3.149607 98.4252 0.8661417 3.149607 98.4252 -1.421085e-14 3.149607 -1.065814e-14 0.8661417 3.149607 -1.065814e-14 0 3.149607 -1.065814e-14 0 3.149607 98.4252 -1.421085e-14 3.149607 0 0 1.421085e-14 98.4252 -1.421085e-14 3.552714e-15 -1.065814e-14 0 3.149607 -1.065814e-14 0 3.149607 98.4252 -1.421085e-14 3.149607 0 0 1.421085e-14 98.4252 -1.421085e-14 3.552714e-15 0 0 1.421085e-14 98.4252 0.8661417 3.552714e-15 0 0 1.421085e-14 0 0.8661417 1.421085e-14 98.4252 -1.421085e-14 3.552714e-15 98.4252 -1.421085e-14 3.552714e-15 98.4252 0.8661417 3.552714e-15 0 0 1.421085e-14 0 0.8661417 1.421085e-14 -1.065814e-14 0.8661417 3.149607 0 0 1.421085e-14 -1.065814e-14 0 3.149607 0 0.8661417 1.421085e-14 0 0.8661417 1.421085e-14 -1.065814e-14 0.8661417 3.149607 0 0 1.421085e-14 -1.065814e-14 0 3.149607</float_array>
                    <technique_common>
                        <accessor count="56" source="#ID160" stride="3">
                            <param name="X" type="float" />
                            <param name="Y" type="float" />
                            <param name="Z" type="float" />
                        </accessor>
                    </technique_common>
                </source>
                <source id="ID156">
                    <float_array id="ID161" count="168">1 0 -7.657137e-16 1 0 -7.657137e-16 1 0 -7.657137e-16 1 0 -7.657137e-16 -1 -0 7.657137e-16 -1 -0 7.657137e-16 -1 -0 7.657137e-16 -1 -0 7.657137e-16 0 0 0 0 0 0 0 0 0 0 0 0 0 1 0 0 1 0 0 1 0 0 1 0 -0 -1 -0 -0 -1 -0 -0 -1 -0 -0 -1 -0 0 0 0 0 0 0 1.159935e-16 -4.603187e-31 1 1.159935e-16 -4.603187e-31 1 1.159935e-16 -4.603187e-31 1 1.159935e-16 -4.603187e-31 1 -1.159935e-16 4.603187e-31 -1 -1.159935e-16 4.603187e-31 -1 -1.159935e-16 4.603187e-31 -1 -1.159935e-16 4.603187e-31 -1 0 0 0 -1.443823e-16 -1 3.35304e-31 -1.443823e-16 -1 3.35304e-31 -1.443823e-16 -1 3.35304e-31 -1.443823e-16 -1 3.35304e-31 1.443823e-16 1 -3.35304e-31 1.443823e-16 1 -3.35304e-31 1.443823e-16 1 -3.35304e-31 1.443823e-16 1 -3.35304e-31 0 0 0 -1.159935e-16 4.603187e-31 -1 -1.159935e-16 4.603187e-31 -1 -1.159935e-16 4.603187e-31 -1 -1.159935e-16 4.603187e-31 -1 1.159935e-16 -4.603187e-31 1 1.159935e-16 -4.603187e-31 1 1.159935e-16 -4.603187e-31 1 1.159935e-16 -4.603187e-31 1 -1 0 7.657137e-16 -1 0 7.657137e-16 -1 0 7.657137e-16 -1 0 7.657137e-16 1 -0 -7.657137e-16 1 -0 -7.657137e-16 1 -0 -7.657137e-16 1 -0 -7.657137e-16</float_array>
                    <technique_common>
                        <accessor count="56" source="#ID161" stride="3">
                            <param name="X" type="float" />
                            <param name="Y" type="float" />
                            <param name="Z" type="float" />
                        </accessor>
                    </technique_common>
                </source>
                <source id="ID157">
                    <Name_array id="ID163" count="0" />
                    <technique_common>
                        <accessor count="0" source="#ID163" stride="1">
                            <param name="skp_material" type="Name" />
                        </accessor>
                    </technique_common>
                </source>
                <source id="ID159">
                    <float_array id="ID162" count="42">0.2115385 1.927426e-14 -3.470728e-15 0.7692308 -3.470728e-15 1.927426e-14 0.2115385 0.7692308 0 3.470728e-15 -24.03846 0.7692308 -24.03846 8.67682e-16 24.03846 -3.470728e-15 -2.692272e-15 0.2115385 -2.692272e-15 3.540913e-31 24.03846 0.2115385 24.03846 0.7692308 24.03846 8.67682e-16 -2.603046e-15 0.7692308 -24.03846 0.2115385 4.025818e-31 1.597641e-45 4.025818e-31 0.2115385 -24.03846 -3.470728e-15 -0.2115385 0.7692308 0 0.7692308 -0.2115385 3.470728e-15</float_array>
                    <technique_common>
                        <accessor count="21" source="#ID162" stride="2">
                            <param name="S" type="float" />
                            <param name="T" type="float" />
                        </accessor>
                    </technique_common>
                </source>
                <vertices id="ID158">
                    <input semantic="POSITION" source="#ID155" />
                    <input semantic="NORMAL" source="#ID156" />
                </vertices>
                <triangles count="24" material="Material2">
                    <input offset="0" semantic="VERTEX" source="#ID158" />
                    <input offset="1" semantic="TEXCOORD" source="#ID159" />
                    <p>0 0 1 1 2 2 1 1 0 0 3 3 4 3 5 0 6 1 7 2 6 1 5 0 12 4 13 5 14 6 13 5 12 4 15 1 16 1 17 4 18 5 19 6 18 5 17 4 22 7 23 8 24 9 23 8 22 7 25 10 26 10 27 7 28 8 29 9 28 8 27 7 31 11 32 4 33 12 32 4 31 11 34 13 35 13 36 11 37 4 38 12 37 4 36 11 40 14 41 15 42 16 41 15 40 14 43 17 44 17 45 14 46 15 47 16 46 15 45 14 48 18 49 4 50 19 49 4 48 18 51 20 52 20 53 18 54 4 55 19 54 4 53 18</p>
                </triangles>
                <lines count="12" material="Material3">
                    <input offset="0" semantic="VERTEX" source="#ID158" />
                    <p>8 9 9 10 10 11 11 8 9 20 8 21 20 21 30 20 30 10 39 30 39 11 39 21</p>
                </lines>
            </mesh>
        </geometry>
        <geometry id="ID166">
            <mesh>
                <source id="ID167">
                    <float_array id="ID172" count="120">49.17313 10.74801 0.8661406 49.17313 10.74801 0 49.17313 0 0.8661406 49.17313 0 0 49.17313 10.74801 0 49.17313 0 0.8661406 49.17313 0 0 49.17313 10.74801 0.8661406 49.17313 0 0 49.17313 10.74801 0 49.17313 10.74801 0.8661406 49.17313 0 0.8661406 49.17313 0 0 49.17313 10.74801 0 0 1.421085e-14 0 0 10.74801 0 49.17313 10.74801 0 0 1.421085e-14 0 0 10.74801 0 49.17313 0 0 0 1.421085e-14 0 0 10.74801 0 49.17313 10.74801 0.8661406 49.17313 0 0.8661406 -3.155444e-30 10.74801 0.8661406 -3.155444e-30 0 0.8661406 49.17313 0 0.8661406 -3.155444e-30 10.74801 0.8661406 -3.155444e-30 0 0.8661406 49.17313 10.74801 0.8661406 -3.155444e-30 10.74801 0.8661406 -3.155444e-30 0 0.8661406 0 10.74801 0 -3.155444e-30 10.74801 0.8661406 0 1.421085e-14 0 -3.155444e-30 0 0.8661406 -3.155444e-30 10.74801 0.8661406 0 1.421085e-14 0 -3.155444e-30 0 0.8661406 0 10.74801 0</float_array>
                    <technique_common>
                        <accessor count="40" source="#ID172" stride="3">
                            <param name="X" type="float" />
                            <param name="Y" type="float" />
                            <param name="Z" type="float" />
                        </accessor>
                    </technique_common>
                </source>
                <source id="ID168">
                    <float_array id="ID173" count="120">1 0 -1.231607e-31 1 0 -1.231607e-31 1 0 -1.231607e-31 1 0 -1.231607e-31 -1 -0 1.231607e-31 -1 -0 1.231607e-31 -1 -0 1.231607e-31 -1 -0 1.231607e-31 0 0 0 0 0 0 0 0 0 0 0 0 1.97215e-31 0 -1 1.97215e-31 0 -1 1.97215e-31 0 -1 1.97215e-31 0 -1 -1.97215e-31 -0 1 -1.97215e-31 -0 1 -1.97215e-31 -0 1 -1.97215e-31 -0 1 0 0 0 0 0 0 -1.97215e-31 0 1 -1.97215e-31 0 1 -1.97215e-31 0 1 -1.97215e-31 0 1 1.97215e-31 -0 -1 1.97215e-31 -0 -1 1.97215e-31 -0 -1 1.97215e-31 -0 -1 0 0 0 0 0 0 -1 -0 1.231607e-31 -1 -0 1.231607e-31 -1 -0 1.231607e-31 -1 -0 1.231607e-31 1 0 -1.231607e-31 1 0 -1.231607e-31 1 0 -1.231607e-31 1 0 -1.231607e-31</float_array>
                    <technique_common>
                        <accessor count="40" source="#ID173" stride="3">
                            <param name="X" type="float" />
                            <param name="Y" type="float" />
                            <param name="Z" type="float" />
                        </accessor>
                    </technique_common>
                </source>
                <source id="ID169">
                    <Name_array id="ID175" count="0" />
                    <technique_common>
                        <accessor count="0" source="#ID175" stride="1">
                            <param name="skp_material" type="Name" />
                        </accessor>
                    </technique_common>
                </source>
                <source id="ID171">
                    <float_array id="ID174" count="32">2.624995 0.2115382 2.624995 1.479109e-30 0 0.2115382 0 1.479109e-30 -12.00959 0 -12.00959 2.624995 0 3.470728e-15 0 2.624995 12.00959 2.624995 12.00959 0 -7.289379e-31 2.624995 -7.289379e-31 0 -2.624995 0 -2.624995 0.2115382 -3.470728e-15 0 0 0.2115382</float_array>
                    <technique_common>
                        <accessor count="16" source="#ID174" stride="2">
                            <param name="S" type="float" />
                            <param name="T" type="float" />
                        </accessor>
                    </technique_common>
                </source>
                <vertices id="ID170">
                    <input semantic="POSITION" source="#ID167" />
                    <input semantic="NORMAL" source="#ID168" />
                </vertices>
                <triangles count="16" material="Material2">
                    <input offset="0" semantic="VERTEX" source="#ID170" />
                    <input offset="1" semantic="TEXCOORD" source="#ID171" />
                    <p>0 0 1 1 2 2 3 3 2 2 1 1 4 1 5 2 6 3 5 2 4 1 7 0 12 4 13 5 14 6 15 7 14 6 13 5 16 5 17 6 18 7 17 6 16 5 19 4 22 8 23 9 24 10 25 11 24 10 23 9 26 9 27 10 28 11 27 10 26 9 29 8 32 12 33 13 34 14 35 15 34 14 33 13 36 13 37 14 38 15 37 14 36 13 39 12</p>
                </triangles>
                <lines count="12" material="Material3">
                    <input offset="0" semantic="VERTEX" source="#ID170" />
                    <p>8 9 9 10 10 11 11 8 8 20 21 20 21 9 30 31 31 11 10 30 30 21 20 31</p>
                </lines>
            </mesh>
        </geometry>
        <geometry id="ID177">
            <mesh>
                <source id="ID178">
                    <float_array id="ID183" count="168">0 10.74801 0.8661406 0 10.74801 0 49.17313 10.74801 0.8661406 49.17313 10.74801 -1.065814e-14 0 10.74801 0 49.17313 10.74801 0.8661406 49.17313 10.74801 -1.065814e-14 0 10.74801 0.8661406 49.17313 10.74801 -1.065814e-14 0 10.74801 0 0 10.74801 0.8661406 49.17313 10.74801 0.8661406 49.17313 2.842171e-14 -1.065814e-14 49.17313 10.74801 -1.065814e-14 0 2.842171e-14 0 0 10.74801 0 49.17313 10.74801 -1.065814e-14 0 2.842171e-14 0 0 10.74801 0 49.17313 2.842171e-14 -1.065814e-14 49.17313 2.842171e-14 -1.065814e-14 0 2.842171e-14 0 0 10.74801 0 0 10.74801 0.8661406 0 2.842171e-14 0 0 2.842171e-14 0.8661406 0 10.74801 0.8661406 0 2.842171e-14 0 0 2.842171e-14 0.8661406 0 10.74801 0 0 2.842171e-14 0.8661406 49.17313 10.74801 0.8661406 49.17313 2.842171e-14 0.8661406 0 10.74801 0.8661406 0 2.842171e-14 0.8661406 49.17313 2.842171e-14 0.8661406 0 10.74801 0.8661406 0 2.842171e-14 0.8661406 49.17313 10.74801 0.8661406 49.17313 2.842171e-14 0.8661406 49.17313 10.74801 0.8661406 49.17313 10.74801 -1.065814e-14 49.17313 2.842171e-14 0.8661406 49.17313 2.842171e-14 -1.065814e-14 49.17313 10.74801 -1.065814e-14 49.17313 2.842171e-14 0.8661406 49.17313 2.842171e-14 -1.065814e-14 49.17313 10.74801 0.8661406 0 2.842171e-14 0.8661406 49.17313 2.842171e-14 0.8661406 0 2.842171e-14 0 49.17313 2.842171e-14 -1.065814e-14 49.17313 2.842171e-14 0.8661406 0 2.842171e-14 0 49.17313 2.842171e-14 -1.065814e-14 0 2.842171e-14 0.8661406</float_array>
                    <technique_common>
                        <accessor count="56" source="#ID183" stride="3">
                            <param name="X" type="float" />
                            <param name="Y" type="float" />
                            <param name="Z" type="float" />
                        </accessor>
                    </technique_common>
                </source>
                <source id="ID179">
                    <float_array id="ID184" count="168">0 1 0 0 1 0 0 1 0 0 1 0 -0 -1 -0 -0 -1 -0 -0 -1 -0 -0 -1 -0 0 0 0 0 0 0 0 0 0 0 0 0 0 0 -1 0 0 -1 0 0 -1 0 0 -1 -0 -0 1 -0 -0 1 -0 -0 1 -0 -0 1 0 0 0 0 0 0 -1 -7.230697e-17 -8.972632e-16 -1 -7.230697e-17 -8.972632e-16 -1 -7.230697e-17 -8.972632e-16 -1 -7.230697e-17 -8.972632e-16 1 7.230697e-17 8.972632e-16 1 7.230697e-17 8.972632e-16 1 7.230697e-17 8.972632e-16 1 7.230697e-17 8.972632e-16 0 0 0 0 0 1 0 0 1 0 0 1 0 0 1 -0 -0 -1 -0 -0 -1 -0 -0 -1 -0 -0 -1 0 0 0 1 0 0 1 0 0 1 0 0 1 0 0 -1 -0 -0 -1 -0 -0 -1 -0 -0 -1 -0 -0 0 -1 0 0 -1 0 0 -1 0 0 -1 0 -0 1 -0 -0 1 -0 -0 1 -0 -0 1 -0</float_array>
                    <technique_common>
                        <accessor count="56" source="#ID184" stride="3">
                            <param name="X" type="float" />
                            <param name="Y" type="float" />
                            <param name="Z" type="float" />
                        </accessor>
                    </technique_common>
                </source>
                <source id="ID180">
                    <Name_array id="ID186" count="0" />
                    <technique_common>
                        <accessor count="0" source="#ID186" stride="1">
                            <param name="skp_material" type="Name" />
                        </accessor>
                    </technique_common>
                </source>
                <source id="ID182">
                    <float_array id="ID185" count="40">0 0.2115382 0 0 -12.00959 0.2115382 -12.00959 -2.603046e-15 -12.00959 6.941456e-15 -12.00959 2.624995 0 6.941456e-15 0 2.624995 -2.624995 -1.703054e-31 -2.624995 0.2115382 -6.941456e-15 -4.503505e-46 -6.941456e-15 0.2115382 12.00959 2.624995 12.00959 6.941456e-15 2.624995 0.2115382 2.624995 -2.603046e-15 6.941456e-15 0.2115382 6.941456e-15 -2.603046e-15 12.00959 0.2115382 12.00959 -2.603046e-15</float_array>
                    <technique_common>
                        <accessor count="20" source="#ID185" stride="2">
                            <param name="S" type="float" />
                            <param name="T" type="float" />
                        </accessor>
                    </technique_common>
                </source>
                <vertices id="ID181">
                    <input semantic="POSITION" source="#ID178" />
                    <input semantic="NORMAL" source="#ID179" />
                </vertices>
                <triangles count="24" material="Material2">
                    <input offset="0" semantic="VERTEX" source="#ID181" />
                    <input offset="1" semantic="TEXCOORD" source="#ID182" />
                    <p>0 0 1 1 2 2 3 3 2 2 1 1 4 1 5 2 6 3 5 2 4 1 7 0 12 4 13 5 14 6 15 7 14 6 13 5 16 5 17 6 18 7 17 6 16 5 19 4 22 8 23 9 24 10 25 11 24 10 23 9 26 9 27 10 28 11 27 10 26 9 29 8 31 12 32 13 33 7 34 6 33 7 32 13 35 13 36 7 37 6 36 7 35 13 38 12 40 14 41 15 42 16 43 17 42 16 41 15 44 15 45 16 46 17 45 16 44 15 47 14 48 0 49 18 50 1 51 19 50 1 49 18 52 18 53 1 54 19 53 1 52 18 55 0</p>
                </triangles>
                <lines count="12" material="Material3">
                    <input offset="0" semantic="VERTEX" source="#ID181" />
                    <p>8 9 9 10 11 10 11 8 20 21 21 9 20 8 21 30 10 30 30 39 39 11 39 20</p>
                </lines>
            </mesh>
        </geometry>
        <geometry id="ID189">
            <mesh>
                <source id="ID190">
                    <float_array id="ID195" count="120">49.17313 10.74801 0 49.17313 0 0.8661406 49.17313 0 0 49.17313 10.74801 0.8661406 49.17313 10.74801 0.8661406 49.17313 10.74801 0 49.17313 0 0.8661406 49.17313 0 0 49.17313 0 0 49.17313 10.74801 0 49.17313 10.74801 0.8661406 49.17313 0 0.8661406 49.17313 10.74801 0 0 1.421085e-14 0 0 10.74801 0 49.17313 0 0 49.17313 0 0 49.17313 10.74801 0 0 1.421085e-14 0 0 10.74801 0 0 1.421085e-14 0 0 10.74801 0 49.17313 0 0.8661406 0 10.74801 0.8661406 0 0 0.8661406 49.17313 10.74801 0.8661406 49.17313 10.74801 0.8661406 49.17313 0 0.8661406 0 10.74801 0.8661406 0 0 0.8661406 0 10.74801 0.8661406 0 0 0.8661406 0 10.74801 0.8661406 0 1.421085e-14 0 0 0 0.8661406 0 10.74801 0 0 10.74801 0 0 10.74801 0.8661406 0 1.421085e-14 0 0 0 0.8661406</float_array>
                    <technique_common>
                        <accessor count="40" source="#ID195" stride="3">
                            <param name="X" type="float" />
                            <param name="Y" type="float" />
                            <param name="Z" type="float" />
                        </accessor>
                    </technique_common>
                </source>
                <source id="ID191">
                    <float_array id="ID196" count="120">1 0 0 1 0 0 1 0 0 1 0 0 -1 -0 -0 -1 -0 -0 -1 -0 -0 -1 -0 -0 0 0 0 0 0 0 0 0 0 0 0 0 0 0 -1 0 0 -1 0 0 -1 0 0 -1 -0 -0 1 -0 -0 1 -0 -0 1 -0 -0 1 0 0 0 0 0 0 0 0 1 0 0 1 0 0 1 0 0 1 -0 -0 -1 -0 -0 -1 -0 -0 -1 -0 -0 -1 0 0 0 0 0 0 -1 0 0 -1 0 0 -1 0 0 -1 0 0 1 -0 -0 1 -0 -0 1 -0 -0 1 -0 -0</float_array>
                    <technique_common>
                        <accessor count="40" source="#ID196" stride="3">
                            <param name="X" type="float" />
                            <param name="Y" type="float" />
                            <param name="Z" type="float" />
                        </accessor>
                    </technique_common>
                </source>
                <source id="ID192">
                    <Name_array id="ID198" count="0" />
                    <technique_common>
                        <accessor count="0" source="#ID198" stride="1">
                            <param name="skp_material" type="Name" />
                        </accessor>
                    </technique_common>
                </source>
                <source id="ID194">
                    <float_array id="ID197" count="26">2.624995 0 0 0.2115382 0 0 2.624995 0.2115382 -12.00959 2.624995 0 3.470728e-15 0 2.624995 -12.00959 0 12.00959 0 12.00959 2.624995 -2.624995 0.2115382 -3.470728e-15 0 -2.624995 0</float_array>
                    <technique_common>
                        <accessor count="13" source="#ID197" stride="2">
                            <param name="S" type="float" />
                            <param name="T" type="float" />
                        </accessor>
                    </technique_common>
                </source>
                <vertices id="ID193">
                    <input semantic="POSITION" source="#ID190" />
                    <input semantic="NORMAL" source="#ID191" />
                </vertices>
                <triangles count="16" material="Material2">
                    <input offset="0" semantic="VERTEX" source="#ID193" />
                    <input offset="1" semantic="TEXCOORD" source="#ID194" />
                    <p>0 0 1 1 2 2 1 1 0 0 3 3 4 3 5 0 6 1 7 2 6 1 5 0 12 4 13 5 14 6 13 5 12 4 15 7 16 7 17 4 18 5 19 6 18 5 17 4 22 8 23 6 24 2 23 6 22 8 25 9 26 9 27 8 28 6 29 2 28 6 27 8 32 10 33 11 34 1 33 11 32 10 35 12 36 12 37 10 38 11 39 1 38 11 37 10</p>
                </triangles>
                <lines count="12" material="Material3">
                    <input offset="0" semantic="VERTEX" source="#ID193" />
                    <p>8 9 9 10 10 11 11 8 8 20 21 20 21 9 30 31 31 11 10 30 30 21 20 31</p>
                </lines>
            </mesh>
        </geometry>
        <geometry id="ID200">
            <mesh>
                <source id="ID201">
                    <float_array id="ID206" count="168">0 10.74801 0.8661406 49.17313 10.74801 0 0 10.74801 0 49.17313 10.74801 0.8661406 49.17313 10.74801 0.8661406 0 10.74801 0.8661406 49.17313 10.74801 0 0 10.74801 0 49.17313 10.74801 0 0 10.74801 0 0 10.74801 0.8661406 49.17313 10.74801 0.8661406 49.17313 10.74801 0 0 2.842171e-14 0 0 10.74801 0 49.17313 2.842171e-14 0 49.17313 2.842171e-14 0 49.17313 10.74801 0 0 2.842171e-14 0 0 10.74801 0 49.17313 2.842171e-14 0 0 2.842171e-14 0 0 10.74801 0.8661406 0 2.842171e-14 0 0 2.842171e-14 0.8661406 0 10.74801 0 0 10.74801 0 0 10.74801 0.8661406 0 2.842171e-14 0 0 2.842171e-14 0.8661406 0 2.842171e-14 0.8661406 49.17313 2.842171e-14 0.8661406 0 10.74801 0.8661406 0 2.842171e-14 0.8661406 49.17313 10.74801 0.8661406 49.17313 10.74801 0.8661406 49.17313 2.842171e-14 0.8661406 0 10.74801 0.8661406 0 2.842171e-14 0.8661406 49.17313 2.842171e-14 0.8661406 49.17313 10.74801 0 49.17313 2.842171e-14 0.8661406 49.17313 2.842171e-14 0 49.17313 10.74801 0.8661406 49.17313 10.74801 0.8661406 49.17313 10.74801 0 49.17313 2.842171e-14 0.8661406 49.17313 2.842171e-14 0 49.17313 2.842171e-14 0.8661406 0 2.842171e-14 0 49.17313 2.842171e-14 0 0 2.842171e-14 0.8661406 0 2.842171e-14 0.8661406 49.17313 2.842171e-14 0.8661406 0 2.842171e-14 0 49.17313 2.842171e-14 0</float_array>
                    <technique_common>
                        <accessor count="56" source="#ID206" stride="3">
                            <param name="X" type="float" />
                            <param name="Y" type="float" />
                            <param name="Z" type="float" />
                        </accessor>
                    </technique_common>
                </source>
                <source id="ID202">
                    <float_array id="ID207" count="168">0 1 0 0 1 0 0 1 0 0 1 0 -0 -1 -0 -0 -1 -0 -0 -1 -0 -0 -1 -0 0 0 0 0 0 0 0 0 0 0 0 0 0 0 -1 0 0 -1 0 0 -1 0 0 -1 -0 -0 1 -0 -0 1 -0 -0 1 -0 -0 1 0 0 0 0 0 0 -1 -7.230697e-17 -8.972632e-16 -1 -7.230697e-17 -8.972632e-16 -1 -7.230697e-17 -8.972632e-16 -1 -7.230697e-17 -8.972632e-16 1 7.230697e-17 8.972632e-16 1 7.230697e-17 8.972632e-16 1 7.230697e-17 8.972632e-16 1 7.230697e-17 8.972632e-16 0 0 0 0 0 1 0 0 1 0 0 1 0 0 1 -0 -0 -1 -0 -0 -1 -0 -0 -1 -0 -0 -1 0 0 0 1 0 0 1 0 0 1 0 0 1 0 0 -1 -0 -0 -1 -0 -0 -1 -0 -0 -1 -0 -0 0 -1 0 0 -1 0 0 -1 0 0 -1 0 -0 1 -0 -0 1 -0 -0 1 -0 -0 1 -0</float_array>
                    <technique_common>
                        <accessor count="56" source="#ID207" stride="3">
                            <param name="X" type="float" />
                            <param name="Y" type="float" />
                            <param name="Z" type="float" />
                        </accessor>
                    </technique_common>
                </source>
                <source id="ID203">
                    <Name_array id="ID209" count="0" />
                    <technique_common>
                        <accessor count="0" source="#ID209" stride="1">
                            <param name="skp_material" type="Name" />
                        </accessor>
                    </technique_common>
                </source>
                <source id="ID205">
                    <float_array id="ID208" count="40">0 0.2115382 -12.00959 0 0 0 -12.00959 0.2115382 -12.00959 2.624995 0 6.941456e-15 0 2.624995 -12.00959 6.941456e-15 -2.624995 0.2115382 -6.941456e-15 -4.503505e-46 -6.941456e-15 0.2115382 -2.624995 -1.703054e-31 12.00959 6.941456e-15 12.00959 2.624995 2.624995 0 6.941456e-15 0.2115382 6.941456e-15 0 2.624995 0.2115382 12.00959 0.2115382 12.00959 0</float_array>
                    <technique_common>
                        <accessor count="20" source="#ID208" stride="2">
                            <param name="S" type="float" />
                            <param name="T" type="float" />
                        </accessor>
                    </technique_common>
                </source>
                <vertices id="ID204">
                    <input semantic="POSITION" source="#ID201" />
                    <input semantic="NORMAL" source="#ID202" />
                </vertices>
                <triangles count="24" material="Material2">
                    <input offset="0" semantic="VERTEX" source="#ID204" />
                    <input offset="1" semantic="TEXCOORD" source="#ID205" />
                    <p>0 0 1 1 2 2 1 1 0 0 3 3 4 3 5 0 6 1 7 2 6 1 5 0 12 4 13 5 14 6 13 5 12 4 15 7 16 7 17 4 18 5 19 6 18 5 17 4 22 8 23 9 24 10 23 9 22 8 25 11 26 11 27 8 28 9 29 10 28 9 27 8 31 12 32 6 33 5 32 6 31 12 34 13 35 13 36 12 37 6 38 5 37 6 36 12 40 14 41 15 42 16 41 15 40 14 43 17 44 17 45 14 46 15 47 16 46 15 45 14 48 18 49 2 50 19 49 2 48 18 51 0 52 0 53 18 54 2 55 19 54 2 53 18</p>
                </triangles>
                <lines count="12" material="Material3">
                    <input offset="0" semantic="VERTEX" source="#ID204" />
                    <p>8 9 9 10 11 10 11 8 20 21 21 9 20 8 21 30 10 30 30 39 39 11 39 20</p>
                </lines>
            </mesh>
        </geometry>
        <geometry id="ID212">
            <mesh>
                <source id="ID213">
                    <float_array id="ID218" count="168">29.78346 12.51969 26.77166 -29.78346 -12.51969 26.77166 -29.78346 12.51969 26.77166 29.78346 -12.51969 26.77166 29.78346 -12.51969 26.77166 29.78346 12.51969 26.77166 -29.78346 -12.51969 26.77166 -29.78346 12.51969 26.77166 29.78346 -12.51969 26.77166 29.78346 12.51969 26.77166 -29.78346 -12.51969 26.77166 -29.78346 12.51969 26.77166 29.78346 12.51969 26.77166 29.78346 -12.51969 29.05512 29.78346 -12.51969 26.77166 29.78346 12.51969 29.05512 29.78346 12.51969 29.05512 29.78346 12.51969 26.77166 29.78346 -12.51969 29.05512 29.78346 -12.51969 26.77166 29.78346 12.51969 29.05512 29.78346 -12.51969 29.05512 29.78346 -12.51969 29.05512 -29.78346 -12.51969 26.77166 29.78346 -12.51969 26.77166 -29.78346 -12.51969 29.05512 -29.78346 -12.51969 29.05512 29.78346 -12.51969 29.05512 -29.78346 -12.51969 26.77166 29.78346 -12.51969 26.77166 -29.78346 -12.51969 29.05512 -29.78346 -12.51969 29.05512 -29.78346 12.51969 26.77166 -29.78346 -12.51969 26.77166 -29.78346 12.51969 29.05512 -29.78346 12.51969 29.05512 -29.78346 -12.51969 29.05512 -29.78346 12.51969 26.77166 -29.78346 -12.51969 26.77166 -29.78346 12.51969 29.05512 -29.78346 12.51969 29.05512 29.78346 12.51969 26.77166 -29.78346 12.51969 26.77166 29.78346 12.51969 29.05512 29.78346 12.51969 29.05512 -29.78346 12.51969 29.05512 29.78346 12.51969 26.77166 -29.78346 12.51969 26.77166 29.78346 -12.51969 29.05512 -29.78346 12.51969 29.05512 -29.78346 -12.51969 29.05512 29.78346 12.51969 29.05512 29.78346 12.51969 29.05512 29.78346 -12.51969 29.05512 -29.78346 12.51969 29.05512 -29.78346 -12.51969 29.05512</float_array>
                    <technique_common>
                        <accessor count="56" source="#ID218" stride="3">
                            <param name="X" type="float" />
                            <param name="Y" type="float" />
                            <param name="Z" type="float" />
                        </accessor>
                    </technique_common>
                </source>
                <source id="ID214">
                    <float_array id="ID219" count="168">-5.367815e-16 -4.256553e-16 -1 -5.367815e-16 -4.256553e-16 -1 -5.367815e-16 -4.256553e-16 -1 -5.367815e-16 -4.256553e-16 -1 5.367815e-16 4.256553e-16 1 5.367815e-16 4.256553e-16 1 5.367815e-16 4.256553e-16 1 5.367815e-16 4.256553e-16 1 0 0 0 0 0 0 0 0 0 0 0 0 1 0 0 1 0 0 1 0 0 1 0 0 -1 -0 -0 -1 -0 -0 -1 -0 -0 -1 -0 -0 0 0 0 0 0 0 -7.455298e-17 -1 1.944804e-15 -7.455298e-17 -1 1.944804e-15 -7.455298e-17 -1 1.944804e-15 -7.455298e-17 -1 1.944804e-15 7.455298e-17 1 -1.944804e-15 7.455298e-17 1 -1.944804e-15 7.455298e-17 1 -1.944804e-15 7.455298e-17 1 -1.944804e-15 0 0 0 -1 0 0 -1 0 0 -1 0 0 -1 0 0 1 -0 -0 1 -0 -0 1 -0 -0 1 -0 -0 0 0 0 -2.087483e-16 1 5.445453e-15 -2.087483e-16 1 5.445453e-15 -2.087483e-16 1 5.445453e-15 -2.087483e-16 1 5.445453e-15 2.087483e-16 -1 -5.445453e-15 2.087483e-16 -1 -5.445453e-15 2.087483e-16 -1 -5.445453e-15 2.087483e-16 -1 -5.445453e-15 4.771391e-16 -7.876345e-31 1 4.771391e-16 -7.876345e-31 1 4.771391e-16 -7.876345e-31 1 4.771391e-16 -7.876345e-31 1 -4.771391e-16 7.876345e-31 -1 -4.771391e-16 7.876345e-31 -1 -4.771391e-16 7.876345e-31 -1 -4.771391e-16 7.876345e-31 -1</float_array>
                    <technique_common>
                        <accessor count="56" source="#ID219" stride="3">
                            <param name="X" type="float" />
                            <param name="Y" type="float" />
                            <param name="Z" type="float" />
                        </accessor>
                    </technique_common>
                </source>
                <source id="ID215">
                    <Name_array id="ID221" count="0" />
                    <technique_common>
                        <accessor count="0" source="#ID221" stride="1">
                            <param name="skp_material" type="Name" />
                        </accessor>
                    </technique_common>
                </source>
                <source id="ID217">
                    <float_array id="ID220" count="48">-7.274038 3.057692 7.274038 -3.057692 7.274038 3.057692 -7.274038 -3.057692 3.057692 6.538463 -3.057692 7.096155 -3.057692 6.538463 3.057692 7.096155 7.274038 7.096155 -7.274038 6.538463 7.274038 6.538463 -7.274038 7.096155 3.057692 7.096155 -3.057692 6.538463 3.057692 6.538463 -3.057692 7.096155 7.274038 7.096155 -7.274038 6.538463 7.274038 6.538463 -7.274038 7.096155 7.274038 -3.057692 -7.274038 3.057692 -7.274038 -3.057692 7.274038 3.057692</float_array>
                    <technique_common>
                        <accessor count="24" source="#ID220" stride="2">
                            <param name="S" type="float" />
                            <param name="T" type="float" />
                        </accessor>
                    </technique_common>
                </source>
                <vertices id="ID216">
                    <input semantic="POSITION" source="#ID213" />
                    <input semantic="NORMAL" source="#ID214" />
                </vertices>
                <triangles count="24" material="Material2">
                    <input offset="0" semantic="VERTEX" source="#ID216" />
                    <input offset="1" semantic="TEXCOORD" source="#ID217" />
                    <p>0 0 1 1 2 2 1 1 0 0 3 3 4 3 5 0 6 1 7 2 6 1 5 0 12 4 13 5 14 6 13 5 12 4 15 7 16 7 17 4 18 5 19 6 18 5 17 4 22 8 23 9 24 10 23 9 22 8 25 11 26 11 27 8 28 9 29 10 28 9 27 8 31 12 32 13 33 14 32 13 31 12 34 15 35 15 36 12 37 13 38 14 37 13 36 12 40 16 41 17 42 18 41 17 40 16 43 19 44 19 45 16 46 17 47 18 46 17 45 16 48 20 49 21 50 22 49 21 48 20 51 23 52 23 53 20 54 21 55 22 54 21 53 20</p>
                </triangles>
                <lines count="12" material="Material3">
                    <input offset="0" semantic="VERTEX" source="#ID216" />
                    <p>8 9 8 10 10 11 9 11 9 20 20 21 21 8 30 21 30 10 11 39 39 30 39 20</p>
                </lines>
            </mesh>
        </geometry>
        <geometry id="ID222">
            <mesh>
                <source id="ID225">
                    <float_array id="ID237" count="36">85.75781 5.705902 0 82.80505 1.375194 0 82.80505 5.705902 0 85.75781 1.375194 0 85.75781 1.375194 0 85.75781 5.705902 0 82.80505 1.375194 0 82.80505 5.705902 0 82.80505 5.705902 0 82.80505 1.375194 0 85.75781 5.705902 0 85.75781 1.375194 0</float_array>
                    <technique_common>
                        <accessor count="12" source="#ID237" stride="3">
                            <param name="X" type="float" />
                            <param name="Y" type="float" />
                            <param name="Z" type="float" />
                        </accessor>
                    </technique_common>
                </source>
                <source id="ID226">
                    <float_array id="ID238" count="36">0 0 -1 0 0 -1 0 0 -1 0 0 -1 -0 -0 1 -0 -0 1 -0 -0 1 -0 -0 1 0 0 0 0 0 0 0 0 0 0 0 0</float_array>
                    <technique_common>
                        <accessor count="12" source="#ID238" stride="3">
                            <param name="X" type="float" />
                            <param name="Y" type="float" />
                            <param name="Z" type="float" />
                        </accessor>
                    </technique_common>
                </source>
                <source id="ID227">
                    <Name_array id="ID240" count="0" />
                    <technique_common>
                        <accessor count="0" source="#ID240" stride="1">
                            <param name="skp_material" type="Name" />
                        </accessor>
                    </technique_common>
                </source>
                <source id="ID234">
                    <float_array id="ID239" count="8">-21.46057 0.1979666 -21.46057 0.8213958 -20.72166 0.1979666 -20.72166 0.8213958</float_array>
                    <technique_common>
                        <accessor count="4" source="#ID239" stride="2">
                            <param name="S" type="float" />
                            <param name="T" type="float" />
                        </accessor>
                    </technique_common>
                </source>
                <vertices id="ID228">
                    <input semantic="POSITION" source="#ID225" />
                    <input semantic="NORMAL" source="#ID226" />
                </vertices>
                <triangles count="2" material="Material2">
                    <input offset="0" semantic="VERTEX" source="#ID228" />
                    <p>0 1 2 1 0 3</p>
                </triangles>
                <triangles count="2" material="Material3">
                    <input offset="0" semantic="VERTEX" source="#ID228" />
                    <input offset="1" semantic="TEXCOORD" source="#ID234" />
                    <p>4 0 5 1 6 2 7 3 6 2 5 1</p>
                </triangles>
                <lines count="4" material="Material4">
                    <input offset="0" semantic="VERTEX" source="#ID228" />
                    <p>8 9 10 8 10 11 9 11</p>
                </lines>
            </mesh>
        </geometry>
        <geometry id="ID241">
            <mesh>
                <source id="ID242">
                    <float_array id="ID252" count="36">88.71056 5.705902 0 85.75781 1.375194 0 85.75781 5.705902 0 88.71056 1.375194 0 88.71056 1.375194 0 88.71056 5.705902 0 85.75781 1.375194 0 85.75781 5.705902 0 85.75781 5.705902 0 85.75781 1.375194 0 88.71056 5.705902 0 88.71056 1.375194 0</float_array>
                    <technique_common>
                        <accessor count="12" source="#ID252" stride="3">
                            <param name="X" type="float" />
                            <param name="Y" type="float" />
                            <param name="Z" type="float" />
                        </accessor>
                    </technique_common>
                </source>
                <source id="ID243">
                    <float_array id="ID253" count="36">0 0 -1 0 0 -1 0 0 -1 0 0 -1 -0 -0 1 -0 -0 1 -0 -0 1 -0 -0 1 0 0 0 0 0 0 0 0 0 0 0 0</float_array>
                    <technique_common>
                        <accessor count="12" source="#ID253" stride="3">
                            <param name="X" type="float" />
                            <param name="Y" type="float" />
                            <param name="Z" type="float" />
                        </accessor>
                    </technique_common>
                </source>
                <source id="ID244">
                    <Name_array id="ID255" count="0" />
                    <technique_common>
                        <accessor count="0" source="#ID255" stride="1">
                            <param name="skp_material" type="Name" />
                        </accessor>
                    </technique_common>
                </source>
                <source id="ID251">
                    <float_array id="ID254" count="8">-22.53248 0.2009361 -22.53248 0.8337167 -21.78248 0.2009361 -21.78248 0.8337167</float_array>
                    <technique_common>
                        <accessor count="4" source="#ID254" stride="2">
                            <param name="S" type="float" />
                            <param name="T" type="float" />
                        </accessor>
                    </technique_common>
                </source>
                <vertices id="ID245">
                    <input semantic="POSITION" source="#ID242" />
                    <input semantic="NORMAL" source="#ID243" />
                </vertices>
                <triangles count="2" material="Material2">
                    <input offset="0" semantic="VERTEX" source="#ID245" />
                    <p>0 1 2 1 0 3</p>
                </triangles>
                <triangles count="2" material="Material3">
                    <input offset="0" semantic="VERTEX" source="#ID245" />
                    <input offset="1" semantic="TEXCOORD" source="#ID251" />
                    <p>4 0 5 1 6 2 7 3 6 2 5 1</p>
                </triangles>
                <lines count="4" material="Material4">
                    <input offset="0" semantic="VERTEX" source="#ID245" />
                    <p>8 9 10 8 11 10 9 11</p>
                </lines>
            </mesh>
        </geometry>
        <geometry id="ID256">
            <mesh>
                <source id="ID257">
                    <float_array id="ID263" count="36">91.66332 5.705902 0 88.71056 1.375194 0 88.71056 5.705902 0 91.66332 1.375194 0 91.66332 1.375194 0 91.66332 5.705902 0 88.71056 1.375194 0 88.71056 5.705902 0 88.71056 1.375194 0 88.71056 5.705902 0 91.66332 5.705902 0 91.66332 1.375194 0</float_array>
                    <technique_common>
                        <accessor count="12" source="#ID263" stride="3">
                            <param name="X" type="float" />
                            <param name="Y" type="float" />
                            <param name="Z" type="float" />
                        </accessor>
                    </technique_common>
                </source>
                <source id="ID258">
                    <float_array id="ID264" count="36">0 0 -1 0 0 -1 0 0 -1 0 0 -1 -0 -0 1 -0 -0 1 -0 -0 1 -0 -0 1 0 0 0 0 0 0 0 0 0 0 0 0</float_array>
                    <technique_common>
                        <accessor count="12" source="#ID264" stride="3">
                            <param name="X" type="float" />
                            <param name="Y" type="float" />
                            <param name="Z" type="float" />
                        </accessor>
                    </technique_common>
                </source>
                <source id="ID259">
                    <Name_array id="ID265" count="0" />
                    <technique_common>
                        <accessor count="0" source="#ID265" stride="1">
                            <param name="skp_material" type="Name" />
                        </accessor>
                    </technique_common>
                </source>
                <vertices id="ID260">
                    <input semantic="POSITION" source="#ID257" />
                    <input semantic="NORMAL" source="#ID258" />
                </vertices>
                <triangles count="2" material="Material2">
                    <input offset="0" semantic="VERTEX" source="#ID260" />
                    <p>0 1 2 1 0 3</p>
                </triangles>
                <triangles count="2" material="Material3">
                    <input offset="0" semantic="VERTEX" source="#ID260" />
                    <p>4 5 6 7 6 5</p>
                </triangles>
                <lines count="4" material="Material4">
                    <input offset="0" semantic="VERTEX" source="#ID260" />
                    <p>8 9 10 9 11 10 8 11</p>
                </lines>
            </mesh>
        </geometry>
        <geometry id="ID266">
            <mesh>
                <source id="ID267">
                    <float_array id="ID277" count="36">94.61608 5.705902 0 91.66332 1.375194 0 91.66332 5.705902 0 94.61608 1.375194 0 94.61608 1.375194 0 94.61608 5.705902 0 91.66332 1.375194 0 91.66332 5.705902 0 91.66332 1.375194 0 91.66332 5.705902 0 94.61608 5.705902 0 94.61608 1.375194 0</float_array>
                    <technique_common>
                        <accessor count="12" source="#ID277" stride="3">
                            <param name="X" type="float" />
                            <param name="Y" type="float" />
                            <param name="Z" type="float" />
                        </accessor>
                    </technique_common>
                </source>
                <source id="ID268">
                    <float_array id="ID278" count="36">0 0 -1 0 0 -1 0 0 -1 0 0 -1 -0 -0 1 -0 -0 1 -0 -0 1 -0 -0 1 0 0 0 0 0 0 0 0 0 0 0 0</float_array>
                    <technique_common>
                        <accessor count="12" source="#ID278" stride="3">
                            <param name="X" type="float" />
                            <param name="Y" type="float" />
                            <param name="Z" type="float" />
                        </accessor>
                    </technique_common>
                </source>
                <source id="ID269">
                    <Name_array id="ID280" count="0" />
                    <technique_common>
                        <accessor count="0" source="#ID280" stride="1">
                            <param name="skp_material" type="Name" />
                        </accessor>
                    </technique_common>
                </source>
                <source id="ID276">
                    <float_array id="ID279" count="8">-23.10816 0.3358646 -23.10816 1.393557 -22.387 0.3358646 -22.387 1.393557</float_array>
                    <technique_common>
                        <accessor count="4" source="#ID279" stride="2">
                            <param name="S" type="float" />
                            <param name="T" type="float" />
                        </accessor>
                    </technique_common>
                </source>
                <vertices id="ID270">
                    <input semantic="POSITION" source="#ID267" />
                    <input semantic="NORMAL" source="#ID268" />
                </vertices>
                <triangles count="2" material="Material2">
                    <input offset="0" semantic="VERTEX" source="#ID270" />
                    <p>0 1 2 1 0 3</p>
                </triangles>
                <triangles count="2" material="Material3">
                    <input offset="0" semantic="VERTEX" source="#ID270" />
                    <input offset="1" semantic="TEXCOORD" source="#ID276" />
                    <p>4 0 5 1 6 2 7 3 6 2 5 1</p>
                </triangles>
                <lines count="4" material="Material4">
                    <input offset="0" semantic="VERTEX" source="#ID270" />
                    <p>8 9 10 9 11 10 8 11</p>
                </lines>
            </mesh>
        </geometry>
        <geometry id="ID281">
            <mesh>
                <source id="ID282">
                    <float_array id="ID292" count="36">97.56883 5.705902 0 94.61608 1.375194 0 94.61608 5.705902 0 97.56883 1.375194 0 97.56883 1.375194 0 97.56883 5.705902 0 94.61608 1.375194 0 94.61608 5.705902 0 94.61608 1.375194 0 94.61608 5.705902 0 97.56883 5.705902 0 97.56883 1.375194 0</float_array>
                    <technique_common>
                        <accessor count="12" source="#ID292" stride="3">
                            <param name="X" type="float" />
                            <param name="Y" type="float" />
                            <param name="Z" type="float" />
                        </accessor>
                    </technique_common>
                </source>
                <source id="ID283">
                    <float_array id="ID293" count="36">0 0 -1 0 0 -1 0 0 -1 0 0 -1 -0 -0 1 -0 -0 1 -0 -0 1 -0 -0 1 0 0 0 0 0 0 0 0 0 0 0 0</float_array>
                    <technique_common>
                        <accessor count="12" source="#ID293" stride="3">
                            <param name="X" type="float" />
                            <param name="Y" type="float" />
                            <param name="Z" type="float" />
                        </accessor>
                    </technique_common>
                </source>
                <source id="ID284">
                    <Name_array id="ID295" count="0" />
                    <technique_common>
                        <accessor count="0" source="#ID295" stride="1">
                            <param name="skp_material" type="Name" />
                        </accessor>
                    </technique_common>
                </source>
                <source id="ID291">
                    <float_array id="ID294" count="8">-23.82931 0.3358646 -23.82931 1.393557 -23.10816 0.3358646 -23.10816 1.393557</float_array>
                    <technique_common>
                        <accessor count="4" source="#ID294" stride="2">
                            <param name="S" type="float" />
                            <param name="T" type="float" />
                        </accessor>
                    </technique_common>
                </source>
                <vertices id="ID285">
                    <input semantic="POSITION" source="#ID282" />
                    <input semantic="NORMAL" source="#ID283" />
                </vertices>
                <triangles count="2" material="Material2">
                    <input offset="0" semantic="VERTEX" source="#ID285" />
                    <p>0 1 2 1 0 3</p>
                </triangles>
                <triangles count="2" material="Material3">
                    <input offset="0" semantic="VERTEX" source="#ID285" />
                    <input offset="1" semantic="TEXCOORD" source="#ID291" />
                    <p>4 0 5 1 6 2 7 3 6 2 5 1</p>
                </triangles>
                <lines count="4" material="Material4">
                    <input offset="0" semantic="VERTEX" source="#ID285" />
                    <p>8 9 10 9 11 10 8 11</p>
                </lines>
            </mesh>
        </geometry>
    </library_geometries>
    <library_materials>
        <material id="ID8" name="Oak">
            <instance_effect url="#ID9" />
        </material>
        <material id="ID18" name="edge_color223200168255">
            <instance_effect url="#ID19" />
        </material>
        <material id="ID125" name="Aluminum">
            <instance_effect url="#ID126" />
        </material>
        <material id="ID135" name="edge_color179179179255">
            <instance_effect url="#ID136" />
        </material>
        <material id="ID224" name="material">
            <instance_effect url="#ID223" />
        </material>
        <material id="ID229" name="Whitened_Beech">
            <instance_effect url="#ID230" />
        </material>
        <material id="ID235" name="edge_color000255">
            <instance_effect url="#ID236" />
        </material>
        <material id="ID246" name="Mocha_Beech">
            <instance_effect url="#ID247" />
        </material>
        <material id="ID261" name="White_Lacquered">
            <instance_effect url="#ID262" />
        </material>
        <material id="ID271" name="Oak_0">
            <instance_effect url="#ID272" />
        </material>
        <material id="ID286" name="Moka_Oak">
            <instance_effect url="#ID287" />
        </material>
    </library_materials>
    <library_effects>
        <effect id="ID9">
            <profile_COMMON>
                <newparam sid="ID11">
                    <surface type="2D">
                        <init_from>ID10</init_from>
                    </surface>
                </newparam>
                <newparam sid="ID12">
                    <sampler2D>
                        <source>ID11</source>
                    </sampler2D>
                </newparam>
                <technique sid="COMMON">
                    <lambert>
                        <diffuse>
                            <texture texture="ID12" texcoord="UVSET0" />
                        </diffuse>
                    </lambert>
                </technique>
            </profile_COMMON>
        </effect>
        <effect id="ID19">
            <profile_COMMON>
                <technique sid="COMMON">
                    <constant>
                        <transparent opaque="A_ONE">
                            <color>0.8745098 0.7843137 0.6588235 1</color>
                        </transparent>
                        <transparency>
                            <float>1</float>
                        </transparency>
                    </constant>
                </technique>
            </profile_COMMON>
        </effect>
        <effect id="ID126">
            <profile_COMMON>
                <newparam sid="ID128">
                    <surface type="2D">
                        <init_from>ID127</init_from>
                    </surface>
                </newparam>
                <newparam sid="ID129">
                    <sampler2D>
                        <source>ID128</source>
                    </sampler2D>
                </newparam>
                <technique sid="COMMON">
                    <lambert>
                        <diffuse>
                            <texture texture="ID129" texcoord="UVSET0" />
                        </diffuse>
                    </lambert>
                </technique>
            </profile_COMMON>
        </effect>
        <effect id="ID136">
            <profile_COMMON>
                <technique sid="COMMON">
                    <constant>
                        <transparent opaque="A_ONE">
                            <color>0.7019608 0.7019608 0.7019608 1</color>
                        </transparent>
                        <transparency>
                            <float>1</float>
                        </transparency>
                    </constant>
                </technique>
            </profile_COMMON>
        </effect>
        <effect id="ID223">
            <profile_COMMON>
                <technique sid="COMMON">
                    <lambert>
                        <diffuse>
                            <color>1 1 1 1</color>
                        </diffuse>
                    </lambert>
                </technique>
            </profile_COMMON>
        </effect>
        <effect id="ID230">
            <profile_COMMON>
                <newparam sid="ID232">
                    <surface type="2D">
                        <init_from>ID231</init_from>
                    </surface>
                </newparam>
                <newparam sid="ID233">
                    <sampler2D>
                        <source>ID232</source>
                    </sampler2D>
                </newparam>
                <technique sid="COMMON">
                    <lambert>
                        <diffuse>
                            <texture texture="ID233" texcoord="UVSET0" />
                        </diffuse>
                    </lambert>
                </technique>
            </profile_COMMON>
        </effect>
        <effect id="ID236">
            <profile_COMMON>
                <technique sid="COMMON">
                    <constant>
                        <transparent opaque="A_ONE">
                            <color>0 0 0 1</color>
                        </transparent>
                        <transparency>
                            <float>1</float>
                        </transparency>
                    </constant>
                </technique>
            </profile_COMMON>
        </effect>
        <effect id="ID247">
            <profile_COMMON>
                <newparam sid="ID249">
                    <surface type="2D">
                        <init_from>ID248</init_from>
                    </surface>
                </newparam>
                <newparam sid="ID250">
                    <sampler2D>
                        <source>ID249</source>
                    </sampler2D>
                </newparam>
                <technique sid="COMMON">
                    <lambert>
                        <diffuse>
                            <texture texture="ID250" texcoord="UVSET0" />
                        </diffuse>
                    </lambert>
                </technique>
            </profile_COMMON>
        </effect>
        <effect id="ID262">
            <profile_COMMON>
                <technique sid="COMMON">
                    <lambert>
                        <diffuse>
                            <color>0.945098 0.9411765 0.9176471 1</color>
                        </diffuse>
                    </lambert>
                </technique>
            </profile_COMMON>
        </effect>
        <effect id="ID272">
            <profile_COMMON>
                <newparam sid="ID274">
                    <surface type="2D">
                        <init_from>ID273</init_from>
                    </surface>
                </newparam>
                <newparam sid="ID275">
                    <sampler2D>
                        <source>ID274</source>
                    </sampler2D>
                </newparam>
                <technique sid="COMMON">
                    <lambert>
                        <diffuse>
                            <texture texture="ID275" texcoord="UVSET0" />
                        </diffuse>
                    </lambert>
                </technique>
            </profile_COMMON>
        </effect>
        <effect id="ID287">
            <profile_COMMON>
                <newparam sid="ID289">
                    <surface type="2D">
                        <init_from>ID288</init_from>
                    </surface>
                </newparam>
                <newparam sid="ID290">
                    <sampler2D>
                        <source>ID289</source>
                    </sampler2D>
                </newparam>
                <technique sid="COMMON">
                    <lambert>
                        <diffuse>
                            <texture texture="ID290" texcoord="UVSET0" />
                        </diffuse>
                    </lambert>
                </technique>
            </profile_COMMON>
        </effect>
    </library_effects>
    <library_images>
        <image id="ID10">
            <init_from>model/Oak.jpg</init_from>
        </image>
        <image id="ID127">
            <init_from>model/Aluminum.jpg</init_from>
        </image>
        <image id="ID231">
            <init_from>model/Whitened_Beech.jpg</init_from>
        </image>
        <image id="ID248">
            <init_from>model/Mocha_Beech.jpg</init_from>
        </image>
        <image id="ID273">
            <init_from>model/Oak_0.jpg</init_from>
        </image>
        <image id="ID288">
            <init_from>model/Moka_Oak.jpg</init_from>
        </image>
    </library_images>
    <scene>
        <instance_visual_scene url="#ID2" />
    </scene>
</COLLADA>
